id,Importance Score
247,69.36956
175,69.36956
208,69.36956
54,69.36956
196,69.36956
146,69.36956
194,69.36956
139,69.36956
199,69.36956
251,59.084663
46,69.36956
168,69.36956
69,69.36956
1483,54.430927
34,69.36956
57,69.36956
222,69.36956
200,69.36956
134,69.36956
1056,55.432343
738,55.909454
601,57.61223
119,69.36956
30,69.36956
103,69.36956
224,69.36956
245,69.36956
99,69.36956
221,69.36956
121,69.36956
150,69.36956
52,69.36956
217,69.36956
101,69.36956
2001,52.31926
681,57.61223
127,69.36956
17,69.36956
1113,55.432343
626,57.61223
474,57.545246
984,55.432343
520,57.545246
75,69.36956
1346,54.34401
953,55.432343
649,57.61223
1336,54.618057
911,55.451424
2342,52.66434
313,59.084663
35,69.36956
960,55.432343
1441,54.430927
44,69.36956
167,69.36956
536,57.545246
1530,54.063484
133,69.36956
401,57.40998
1256,54.618057
866,55.451424
147,69.36956
2463,51.37185
290,59.084663
243,69.36956
1534,54.063484
1318,54.618057
2497,51.37185
263,59.084663
491,57.545246
2051,52.31926
230,69.36956
91,69.36956
1121,54.860294
1405,54.34401
2221,52.66434
2252,52.66434
616,57.61223
624,57.61223
2141,52.64229
547,57.545246
2508,51.37185
701,55.909454
1448,54.430927
180,69.36956
1084,55.432343
674,57.61223
725,55.909454
250,69.36956
459,57.545246
2434,51.37185
720,55.909454
291,59.084663
776,55.451424
1943,51.471123
2165,52.64229
1598,54.063484
2270,52.66434
349,59.084663
1356,54.34401
1422,54.34401
1282,54.618057
1661,53.1506
1103,55.432343
2208,52.66434
2254,52.66434
424,57.40998
1027,55.432343
210,69.36956
1339,54.618057
1599,54.063484
604,57.61223
2518,51.37185
83,69.36956
29,69.36956
513,57.545246
575,57.61223
585,57.61223
2325,52.66434
322,59.084663
1510,54.430927
1297,54.618057
2227,52.66434
1035,55.432343
1147,54.860294
1503,54.430927
852,55.451424
2534,51.37185
1097,55.432343
735,55.909454
2214,52.66434
345,59.084663
346,59.084663
1197,54.860294
943,55.432343
1122,54.860294
2222,52.66434
2111,52.64229
341,59.084663
1227,54.860294
2153,52.64229
531,57.545246
2332,52.66434
466,57.545246
2084,52.31926
1075,55.432343
2350,51.37185
820,55.451424
280,59.084663
509,57.545246
2299,52.66434
1834,51.47194
696,55.909454
655,57.61223
1710,53.1506
2512,51.37185
945,55.432343
369,57.40998
2858,46.202908
2420,51.37185
1450,54.430927
512,57.545246
1719,53.1506
766,55.909454
809,55.451424
308,59.084663
2425,51.37185
482,57.545246
1052,55.432343
1880,51.471123
385,57.40998
963,55.432343
2157,52.64229
718,55.909454
2150,52.64229
1457,54.430927
1311,54.618057
1034,55.432343
907,55.451424
1680,53.1506
1288,54.618057
896,55.451424
1572,54.063484
408,57.40998
3733,42.13796
664,57.61223
1443,54.430927
2152,52.64229
4821,39.36194
1889,51.471123
4275,41.73124
433,57.40998
1981,52.31926
409,57.40998
1554,54.063484
1393,54.34401
3843,41.70431
1077,55.432343
1272,54.618057
1642,53.1506
2095,52.64229
2441,51.37185
1574,54.063484
1418,54.34401
274,59.084663
1114,54.860294
640,57.61223
1290,54.618057
1246,54.618057
2334,52.66434
2265,52.66434
2209,52.66434
1276,54.618057
1303,54.618057
469,57.545246
4245,41.73124
1493,54.430927
1859,51.47194
257,59.084663
928,55.432343
478,57.545246
484,57.545246
2004,52.31926
1632,54.063484
1166,54.860294
1247,54.618057
741,55.909454
1512,54.430927
538,57.545246
259,59.084663
423,57.40998
438,57.40998
905,55.451424
1383,54.34401
1915,51.471123
447,57.40998
2323,52.66434
2897,46.202908
283,59.084663
1827,51.47194
2290,52.66434
428,57.40998
2053,52.31926
2245,52.66434
996,55.432343
1668,53.1506
2604,47.603283
1791,51.47194
2168,52.64229
635,57.61223
2404,51.37185
980,55.432343
1514,54.430927
729,55.909454
2240,52.66434
1603,54.063484
1045,55.432343
311,59.084663
1684,53.1506
323,59.084663
1012,55.432343
668,57.61223
2375,51.37185
1968,51.471123
5331,35.309544
812,55.451424
3778,42.13796
1611,54.063484
1788,51.47194
606,57.61223
1807,51.47194
898,55.451424
880,55.451424
516,57.545246
2140,52.64229
2202,52.66434
2476,51.37185
2085,52.64229
353,59.084663
1261,54.618057
5115,35.292805
744,55.909454
2724,46.85578
964,55.432343
1205,54.860294
1192,54.860294
1504,54.430927
2266,52.66434
829,55.451424
3223,43.59501
1584,54.063484
2528,51.37185
312,59.084663
397,57.40998
344,59.084663
2351,51.37185
265,59.084663
2281,52.66434
1259,54.618057
2127,52.64229
1349,54.34401
856,55.451424
993,55.432343
4189,41.73124
1433,54.430927
4903,38.948963
1224,54.860294
819,55.451424
2009,52.31926
1580,54.063484
775,55.909454
2166,52.64229
2238,52.66434
2081,52.31926
2533,51.37185
3328,43.649727
1201,54.860294
1175,54.860294
2412,51.37185
3426,43.688408
2740,46.495415
2020,52.31926
3341,43.649727
563,57.545246
1768,51.47194
2201,52.66434
1959,51.471123
503,57.545246
2937,44.8571
3448,43.688408
2012,52.31926
844,55.451424
382,57.40998
2904,46.202908
748,55.909454
1535,54.063484
3070,43.85956
683,55.909454
970,55.432343
1232,54.618057
1489,54.430927
2697,46.85578
1475,54.430927
3351,43.649727
1365,54.34401
3511,43.607704
1888,51.471123
1662,53.1506
638,57.61223
2447,51.37185
3027,44.8571
3844,41.70431
1743,51.47194
351,59.084663
1182,54.860294
2061,52.31926
1664,53.1506
1822,51.47194
373,57.40998
1640,53.1506
1366,54.34401
2602,47.603283
3507,43.607704
971,55.432343
1978,52.31926
1498,54.430927
2898,46.202908
2907,44.8571
936,55.432343
457,57.545246
6561,19.296825
1569,54.063484
2115,52.64229
1921,51.471123
884,55.451424
3930,41.70431
326,59.084663
1412,54.34401
828,55.451424
3282,43.59501
4749,39.36194
2119,52.64229
2859,46.202908
3128,43.88127
708,55.909454
4110,41.415657
1962,51.471123
4003,41.583668
1606,54.063484
3686,42.958313
2213,52.66434
2264,52.66434
1808,51.47194
3710,42.958313
2174,52.66434
3200,43.88127
1527,54.063484
1474,54.430927
1280,54.618057
4639,39.62953
3125,43.88127
1616,54.063484
1108,55.432343
3470,43.607704
1092,55.432343
1371,54.34401
3689,42.958313
1765,51.47194
2386,51.37185
451,57.40998
3329,43.649727
1063,55.432343
4449,40.62484
2442,51.37185
2842,46.202908
3820,42.13796
2873,46.202908
4416,40.62484
3000,44.8571
2173,52.64229
2519,51.37185
2885,46.202908
1687,53.1506
2797,46.495415
2393,51.37185
1202,54.860294
2714,46.85578
4634,39.62953
1901,51.471123
1398,54.34401
3463,43.607704
2250,52.66434
4884,38.948963
1087,55.432343
4410,40.62484
2704,46.85578
4026,41.583668
1588,54.063484
1751,51.47194
3931,41.70431
3111,43.88127
1635,53.1506
2435,51.37185
2346,51.37185
1704,53.1506
278,59.084663
1453,54.430927
2374,51.37185
1215,54.860294
1423,54.34401
2225,52.66434
383,57.40998
1926,51.471123
4783,39.36194
2617,47.603283
1815,51.47194
2527,51.37185
1944,51.471123
2752,46.495415
2784,46.495415
3047,43.85956
1610,54.063484
3386,43.649727
1338,54.618057
3222,43.59501
2300,52.66434
2559,47.603283
2359,51.37185
334,59.084663
501,57.545246
1847,51.47194
875,55.451424
2681,46.85578
3213,43.59501
3745,42.13796
4405,41.715603
1131,54.860294
1862,51.47194
1061,55.432343
3421,43.688408
5019,37.23149
4610,39.62953
4211,41.73124
1644,53.1506
4119,41.415657
2041,52.31926
3100,43.85956
1206,54.860294
1347,54.34401
2923,44.8571
3609,42.948315
2540,51.37185
4391,41.715603
4504,40.62484
1966,51.471123
3702,42.958313
3798,42.13796
3172,43.88127
3189,43.88127
2275,52.66434
3219,43.59501
4400,41.715603
485,57.545246
3418,43.688408
3396,43.688408
2622,47.603283
1675,53.1506
315,59.084663
1065,55.432343
3226,43.59501
3362,43.649727
2101,52.64229
688,55.909454
959,55.432343
3848,41.70431
3181,43.88127
2851,46.202908
2772,46.495415
2608,47.603283
3486,43.607704
3509,43.607704
2545,51.37185
2564,47.603283
2727,46.85578
3433,43.688408
2188,52.66434
2501,51.37185
3494,43.607704
1009,55.432343
550,57.545246
2790,46.495415
3699,42.958313
3547,42.948315
3922,41.70431
2992,44.8571
2408,51.37185
2862,46.202908
3706,42.958313
1174,54.860294
1804,51.47194
3784,42.13796
4048,41.583668
3769,42.13796
2450,51.37185
3617,42.948315
2008,52.31926
4178,41.73124
4044,41.583668
1805,51.47194
2638,47.603283
1255,54.618057
2075,52.31926
3595,42.948315
3725,42.958313
5365,29.452671
3308,43.649727
4724,39.36194
3287,43.59501
4070,41.415657
1427,54.34401
2554,51.37185
3142,43.88127
4667,39.62953
3601,42.948315
2726,46.85578
4528,39.45239
873,55.451424
2362,51.37185
2492,51.37185
4955,38.948963
2830,46.202908
3492,43.607704
2814,46.202908
2549,51.37185
1940,51.471123
2662,46.85578
3776,42.13796
3652,42.958313
2645,46.85578
3834,41.70431
3314,43.649727
2267,52.66434
4900,38.948963
4036,41.583668
2541,51.37185
2764,46.495415
5324,35.309544
2733,46.495415
2744,46.495415
3501,43.607704
2864,46.202908
3840,41.70431
4404,41.715603
3383,43.649727
2710,46.85578
1775,51.47194
733,55.909454
2698,46.85578
3979,41.583668
4397,41.715603
4152,41.73124
3884,41.70431
2707,46.85578
6797,19.656202
3732,42.958313
2505,51.37185
4032,41.583668
3734,42.13796
3387,43.688408
4235,41.73124
5259,35.309544
1729,51.47194
2090,52.64229
3451,43.688408
2878,46.202908
2467,51.37185
2583,47.603283
4546,39.45239
3422,43.688408
4206,41.73124
4345,41.715603
3737,42.13796
3525,42.948315
3502,43.607704
5382,29.452671
902,55.451424
4344,41.715603
4844,38.948963
4194,41.73124
3261,43.59501
2715,46.85578
5042,37.23149
5148,35.292805
4877,38.948963
2592,47.603283
3429,43.688408
5214,35.309544
2748,46.495415
3498,43.607704
4393,41.715603
3711,42.958313
2055,52.31926
2388,51.37185
4739,39.36194
3592,42.948315
5174,35.292805
2485,51.37185
3068,43.85956
3018,44.8571
2136,52.64229
4990,37.23149
5130,35.292805
2766,46.495415
5090,35.557285
4085,41.415657
3296,43.59501
2195,52.66434
2874,46.202908
367,57.40998
3964,41.583668
2929,44.8571
4384,41.715603
3369,43.649727
803,55.451424
1243,54.618057
3704,42.958313
3519,43.607704
3002,44.8571
2232,52.66434
3974,41.583668
4290,41.73124
2760,46.495415
3571,42.948315
2043,52.31926
2034,52.31926
2762,46.495415
4420,40.62484
4273,41.73124
2789,46.495415
2813,46.495415
2171,52.64229
3616,42.948315
3315,43.649727
3441,43.688408
2781,46.495415
3014,44.8571
5045,37.23149
2635,47.603283
1947,51.471123
4645,39.62953
5114,35.557285
742,55.909454
2255,52.66434
3958,41.583668
4201,41.73124
4424,40.62484
3698,42.958313
3529,42.948315
2361,51.37185
1106,55.432343
1873,51.471123
2767,46.495415
5160,35.292805
3794,42.13796
2805,46.495415
3988,41.583668
3169,43.88127
5018,37.23149
3277,43.59501
3634,42.948315
2579,47.603283
359,57.40998
2884,46.202908
4252,41.73124
2687,46.85578
4672,39.62953
5418,29.452671
1557,54.063484
6419,19.52936
4706,39.62953
3789,42.13796
2145,52.64229
2220,52.66434
380,57.40998
5140,35.292805
3585,42.948315
554,57.545246
4160,41.73124
4469,40.62484
1429,54.34401
833,55.451424
4388,41.715603
2380,51.37185
4226,41.73124
4715,39.36194
4165,41.73124
3110,43.85956
4950,38.948963
411,57.40998
4489,40.62484
1812,51.47194
4810,39.36194
2647,46.85578
4447,40.62484
4306,41.73124
4977,37.23149
1350,54.34401
5357,29.452671
4336,41.715603
3402,43.688408
4471,40.62484
3256,43.59501
2676,46.85578
4688,39.62953
4702,39.62953
1328,54.618057
5689,25.426167
4966,37.23149
2641,47.603283
4720,39.36194
3780,42.13796
4286,41.73124
2595,47.603283
2812,46.495415
3846,41.70431
3901,41.70431
2947,44.8571
3318,43.649727
1911,51.471123
4563,39.45239
3053,43.85956
4303,41.73124
3268,43.59501
4540,39.45239
2838,46.202908
3703,42.958313
4296,41.73124
3752,42.13796
3366,43.649727
2905,46.202908
4679,39.62953
4596,39.62953
4125,41.415657
4191,41.73124
1456,54.430927
4031,41.583668
2546,51.37185
3876,41.70431
7474,19.247574
5076,35.557285
4246,41.73124
3821,41.70431
4168,41.73124
3946,41.70431
4202,41.73124
5070,35.557285
2734,46.495415
4229,41.73124
2916,44.8571
3735,42.13796
5102,35.557285
4475,40.62484
4265,41.73124
5771,25.426167
4442,40.62484
5290,35.309544
4859,38.948963
4556,39.45239
1923,51.471123
3993,41.583668
3929,41.70431
3658,42.958313
3537,42.948315
2587,47.603283
5245,35.309544
4772,39.36194
3058,43.85956
2825,46.202908
1190,54.860294
5165,35.292805
3662,42.958313
2561,47.603283
2683,46.85578
3668,42.958313
4834,38.948963
3233,43.59501
3643,42.948315
1713,53.1506
4010,41.583668
3806,42.13796
5405,29.452671
2974,44.8571
5215,35.309544
4140,41.415657
4519,39.45239
3035,43.85956
3921,41.70431
3541,42.948315
4568,39.45239
4291,41.73124
3382,43.649727
4973,37.23149
13413,12.419227
3394,43.688408
3522,43.607704
3399,43.688408
1595,54.063484
3532,42.948315
4059,41.415657
1411,54.34401
3108,43.85956
3113,43.88127
4957,38.948963
3265,43.59501
2981,44.8571
4203,41.73124
2619,47.603283
5194,35.292805
4813,39.36194
3455,43.607704
3635,42.948315
1818,51.47194
4170,41.73124
3210,43.88127
4984,37.23149
4740,39.36194
1891,51.471123
4372,41.715603
4794,39.36194
2973,44.8571
11361,12.562481
3740,42.13796
752,55.909454
4699,39.62953
4985,37.23149
4258,41.73124
2516,51.37185
4149,41.415657
3589,42.948315
4186,41.73124
4293,41.73124
4569,39.45239
5225,35.309544
5053,35.557285
3473,43.607704
4851,38.948963
2930,44.8571
6214,19.612604
3566,42.948315
4534,39.45239
3045,43.85956
4322,41.715603
5749,25.426167
2074,52.31926
4037,41.583668
6281,19.594145
4254,41.73124
4047,41.583668
3197,43.88127
5191,35.292805
1231,54.618057
4148,41.415657
7834,14.865169
4871,38.948963
4343,41.715603
4894,38.948963
3971,41.583668
4564,39.45239
5312,35.309544
3165,43.88127
3350,43.649727
4705,39.62953
6685,19.50174
4745,39.36194
3254,43.59501
3207,43.88127
1698,53.1506
4143,41.415657
3023,44.8571
3353,43.649727
5210,35.292805
5384,29.452671
4479,40.62484
3316,43.649727
4421,40.62484
3246,43.59501
3559,42.948315
3690,42.958313
4785,39.36194
6453,19.388422
4057,41.583668
3410,43.688408
5227,35.309544
3694,42.958313
3286,43.59501
3847,41.70431
5345,29.452671
4219,41.73124
7466,19.247574
3147,43.88127
3073,43.85956
2751,46.495415
4936,38.948963
3050,43.85956
4157,41.73124
913,55.432343
5500,26.405457
5343,29.452671
4106,41.415657
2229,52.66434
2730,46.85578
3578,42.948315
2806,46.495415
3860,41.70431
3105,43.85956
4101,41.415657
3488,43.607704
5001,37.23149
3953,41.583668
4285,41.73124
4685,39.62953
3482,43.607704
4774,39.36194
5478,26.405457
3059,43.85956
3352,43.649727
6287,19.594145
2571,47.603283
4730,39.36194
5284,35.309544
3398,43.688408
5971,19.290989
5068,35.557285
3581,42.948315
4605,39.62953
3949,41.583668
5226,35.309544
3533,42.948315
5657,26.464201
3229,43.59501
6692,19.50174
4093,41.415657
4972,37.23149
5199,35.292805
5332,29.452671
5081,35.557285
3588,42.948315
3096,43.85956
4547,39.45239
4413,40.62484
3064,43.85956
3302,43.649727
5038,37.23149
5252,35.309544
5720,25.426167
4461,40.62484
4490,40.62484
2308,52.66434
4418,40.62484
5663,26.464201
4104,41.415657
5584,26.464201
3077,43.85956
4448,40.62484
5549,26.405457
5638,26.464201
5128,35.292805
3298,43.59501
4375,41.715603
7547,16.838808
5325,35.309544
5513,26.405457
4704,39.62953
3230,43.59501
4793,39.36194
4068,41.415657
3673,42.958313
5706,25.426167
3489,43.607704
4689,39.62953
3594,42.948315
4832,39.36194
5135,35.292805
4510,39.45239
5483,26.405457
3984,41.583668
4097,41.415657
6280,19.594145
8074,14.378211
6891,19.748844
3919,41.70431
5187,35.292805
3580,42.948315
5354,29.452671
4028,41.583668
6128,19.50084
1747,51.47194
3274,43.59501
3288,43.59501
5570,26.464201
4305,41.73124
6508,19.354404
5107,35.557285
4159,41.73124
5050,35.557285
5260,35.309544
7484,16.838808
4084,41.415657
5221,35.309544
3739,42.13796
4115,41.415657
4618,39.62953
3874,41.70431
5286,35.309544
5512,26.405457
3995,41.583668
5671,26.464201
6491,19.354404
6253,19.612604
4580,39.45239
4347,41.715603
3799,42.13796
3211,43.88127
5094,35.557285
6228,19.612604
5211,35.292805
4981,37.23149
2870,46.202908
4771,39.36194
6933,19.748844
2449,51.37185
5098,35.557285
8059,14.378211
5532,26.405457
7094,19.333828
5359,29.452671
7172,19.333828
5163,35.292805
7515,16.838808
4156,41.73124
7113,19.333828
2405,51.37185
5006,37.23149
5780,25.426167
3381,43.649727
4814,39.36194
4069,41.415657
6717,19.656202
7051,19.622185
5621,26.464201
4707,39.36194
5503,26.405457
5575,26.464201
5304,35.309544
3639,42.948315
4744,39.36194
5449,29.452671
4843,38.948963
5218,35.309544
5117,35.292805
6631,19.296825
4455,40.62484
5533,26.405457
3792,42.13796
5096,35.557285
6011,19.290989
5262,35.309544
5561,26.464201
6417,19.52936
10144,12.193811
5061,35.557285
5460,29.452671
6165,19.50084
7840,14.865169
5155,35.292805
4438,40.62484
5652,26.464201
5705,25.426167
4932,38.948963
5100,35.557285
6502,19.354404
4953,38.948963
5456,29.452671
3184,43.88127
3707,42.958313
5407,29.452671
7277,19.23795
3548,42.948315
5676,26.464201
5685,25.426167
5923,19.290989
4309,41.715603
7403,19.247574
5610,26.464201
3393,43.688408
6779,19.656202
4484,40.62484
5816,19.777134
5071,35.557285
1738,51.47194
6346,19.594145
5763,25.426167
5551,26.405457
11512,12.600515
5995,19.290989
6434,19.388422
8057,14.378211
5485,26.405457
6350,19.594145
4574,39.45239
4550,39.45239
4043,41.583668
7912,14.876887
12042,12.585666
6750,19.656202
5306,35.309544
4653,39.62953
6930,19.748844
6934,19.622185
8341,12.8010235
6835,19.748844
4978,37.23149
12214,12.378806
4282,41.73124
3813,42.13796
7447,19.247574
5683,25.426167
3503,43.607704
2782,46.495415
5754,25.426167
6133,19.50084
5998,19.290989
6948,19.622185
5391,29.452671
7085,19.622185
6847,19.748844
6077,19.189053
843,55.451424
5219,35.309544
7306,19.23795
6802,19.656202
5653,26.464201
4788,39.36194
6258,19.612604
6145,19.50084
8810,12.583437
7090,19.333828
13343,12.419227
10798,12.32951
5625,26.464201
5784,25.426167
5864,19.777134
6624,19.296825
6712,19.50174
5348,29.452671
5762,25.426167
6863,19.748844
6777,19.656202
7667,15.1300535
4220,41.73124
7502,16.838808
5034,37.23149
6289,19.594145
10119,12.227567
6400,19.52936
14187,12.35936
8857,12.583437
6423,19.52936
7285,19.23795
9960,12.204363
1972,51.471123
5466,26.405457
5198,35.292805
6649,19.50174
4256,41.73124
5377,29.452671
4579,39.45239
14401,12.32191
6904,19.748844
6576,19.296825
6730,19.656202
7290,19.23795
11775,12.61728
5528,26.405457
5554,26.464201
5844,19.777134
10606,12.23061
6983,19.622185
7030,19.622185
6503,19.354404
5883,19.777134
12865,12.313115
10125,12.193811
6332,19.594145
3877,41.70431
11666,12.608803
10461,12.148596
5550,26.405457
6232,19.612604
6003,19.290989
6248,19.612604
5048,35.557285
5673,26.464201
5047,37.23149
13523,12.334011
5035,37.23149
5678,25.426167
7247,19.23795
5954,19.290989
8227,12.80809
6876,19.748844
5601,26.464201
10580,12.23061
3942,41.70431
6646,19.296825
8873,12.618605
6916,19.748844
7936,14.594967
5514,26.405457
7007,19.622185
7934,14.594967
14023,12.331251
5523,26.405457
6377,19.52936
5814,19.777134
14244,12.31748
6049,19.189053
6872,19.748844
6399,19.52936
10709,12.324036
11028,12.424055
7431,19.247574
5589,26.464201
6440,19.388422
6700,19.50174
7049,19.622185
7088,19.333828
7109,19.333828
12976,12.364941
6039,19.189053
10624,12.23061
7500,16.838808
5535,26.405457
6206,19.612604
6463,19.388422
6198,19.50084
7653,15.155937
7100,19.333828
5464,29.452671
7698,15.1300535
7293,19.23795
9003,12.57568
5979,19.290989
4520,39.45239
7204,19.333828
5545,26.405457
6390,19.52936
5508,26.405457
11822,12.61728
6293,19.594145
5627,26.464201
5711,25.426167
8922,12.618605
7880,14.876887
6703,19.50174
7468,19.247574
6438,19.388422
5836,19.777134
6052,19.189053
7473,19.247574
6307,19.594145
8086,14.378211
10140,12.193811
6599,19.296825
13213,12.422957
6270,19.612604
7201,19.333828
10321,12.124404
6944,19.622185
6902,19.748844
6912,19.748844
5598,26.464201
6965,19.622185
6648,19.50174
12624,12.181679
6455,19.388422
6188,19.50084
7198,19.333828
5853,19.777134
6892,19.748844
5654,26.464201
8048,14.378211
5394,29.452671
14432,12.32191
5553,26.405457
6781,19.656202
6760,19.656202
4982,37.23149
6672,19.50174
5504,26.405457
5339,29.452671
6741,19.656202
6462,19.388422
9384,12.164841
5436,29.452671
5393,29.452671
7175,19.333828
6178,19.50084
11566,12.611288
7185,19.333828
5742,25.426167
7268,19.23795
13466,12.346628
8739,12.536943
6421,19.52936
12166,12.440568
5501,26.405457
7811,14.865169
6137,19.50084
6552,19.296825
9901,12.219871
8909,12.618605
5871,19.777134
12858,12.313115
6428,19.52936
11453,12.600515
10959,12.424055
6517,19.354404
7554,16.838808
17475,7.141298
6492,19.354404
9994,12.227567
6607,19.296825
8184,12.807902
10269,12.1479
6070,19.189053
5099,35.557285
7748,14.865169
5516,26.405457
7488,16.838808
5787,19.777134
3923,41.70431
6148,19.50084
5841,19.777134
6466,19.388422
9358,12.490969
7449,19.247574
7477,19.247574
7937,14.594967
13818,12.310478
10656,12.324036
12923,12.313115
8082,14.378211
6562,19.296825
5572,26.464201
7469,19.247574
12332,12.1724825
5928,19.290989
10054,12.227567
6529,19.354404
6494,19.354404
9693,12.218969
6522,19.354404
6874,19.748844
5934,19.290989
6770,19.656202
11287,12.488341
7608,15.155937
6726,19.656202
6501,19.354404
6460,19.388422
7600,15.155937
6946,19.622185
8072,14.378211
13154,12.361025
13614,12.334011
9162,12.574521
5511,26.405457
6870,19.748844
11265,12.46513
8952,12.57568
7482,16.838808
11176,12.43392
7486,16.838808
5505,26.405457
6138,19.50084
10841,12.32951
6714,19.50174
6252,19.612604
10643,12.23061
6215,19.612604
7685,15.1300535
5857,19.777134
6267,19.612604
9887,12.219871
13104,12.370458
6528,19.354404
10507,12.125687
7178,19.333828
6919,19.748844
11658,12.608803
6173,19.50084
7339,19.247574
6550,19.296825
5716,25.426167
6424,19.52936
7212,19.23795
13151,12.361025
6918,19.748844
5963,19.290989
13047,12.370458
7842,14.876887
13044,12.364941
13735,12.323486
7267,19.23795
9407,12.164841
5496,26.405457
11193,12.43392
10254,12.1479
11952,12.642361
7946,14.594967
6237,19.612604
8030,14.378211
6753,19.656202
6224,19.612604
7952,14.594967
6300,19.594145
6510,19.354404
5980,19.290989
6628,19.296825
7467,19.247574
13539,12.334011
7661,15.155937
7326,19.23795
5183,35.292805
9403,12.164841
10445,12.148596
6362,19.52936
7330,19.23795
10434,12.148596
7884,14.876887
6484,19.388422
7417,19.247574
7708,15.1300535
13536,12.334011
6950,19.622185
7046,19.622185
7503,16.838808
8213,12.80809
7676,15.1300535
7839,14.865169
12745,12.191667
14331,12.32191
11898,12.642361
7125,19.333828
12591,12.181679
7318,19.23795
8290,12.80809
11386,12.562481
16611,7.7781005
6914,19.748844
7861,14.876887
10012,12.227567
7428,19.247574
12567,12.181679
11892,12.642361
6602,19.296825
5875,19.777134
8079,14.378211
5815,19.777134
6650,19.50174
6803,19.656202
13874,12.304066
12333,12.1724825
11568,12.611288
9681,12.204684
6095,19.189053
6392,19.52936
7497,16.838808
6482,19.388422
7917,14.594967
6913,19.748844
6657,19.50174
7729,15.1300535
11888,12.642361
9331,12.490969
6480,19.388422
11965,12.585666
5887,19.777134
10605,12.23061
11557,12.611288
8099,14.378211
5925,19.290989
6906,19.748844
6580,19.296825
8610,12.489815
10243,12.1479
12890,12.313115
14015,12.331251
5929,19.290989
14412,12.32191
6705,19.50174
6662,19.50174
13784,12.310478
6682,19.50174
6014,19.290989
7781,14.865169
9040,12.57568
8091,14.378211
10263,12.1479
13190,12.422957
12053,12.585666
11040,12.424055
14420,12.32191
13238,12.422957
7071,19.622185
8318,12.8010235
7348,19.247574
13867,12.304066
7152,19.333828
6235,19.612604
5863,19.777134
6136,19.50084
7117,19.333828
6536,19.296825
10743,12.324036
11399,12.562481
6225,19.612604
12387,12.1724825
7499,16.838808
5472,26.405457
6515,19.354404
6062,19.189053
6186,19.50084
9264,12.566614
12326,12.1724825
6108,19.189053
8426,12.486444
11786,12.61728
7138,19.333828
8639,12.489815
6544,19.296825
7341,19.247574
13696,12.323486
7955,14.594967
7294,19.23795
13820,12.310478
5687,25.426167
9272,12.566614
8658,12.489815
6921,19.748844
9098,12.574521
10968,12.424055
7722,15.1300535
6667,19.50174
6557,19.296825
7911,14.876887
6715,19.50174
6504,19.354404
11661,12.608803
11727,12.608803
6527,19.354404
6442,19.388422
12285,12.378806
11285,12.488341
12670,12.191667
9845,12.219871
8029,14.594967
6909,19.748844
8008,14.594967
9033,12.57568
7602,15.155937
7870,14.876887
6871,19.748844
5799,19.777134
6600,19.296825
9144,12.574521
12831,12.189858
7591,15.155937
13235,12.422957
7335,19.23795
6725,19.656202
14386,12.32191
8897,12.618605
7858,14.876887
5982,19.290989
6524,19.354404
7888,14.876887
12304,12.378806
10120,12.227567
9644,12.204684
13697,12.323486
12313,12.378806
14351,12.32191
6306,19.594145
6433,19.388422
13505,12.346628
7901,14.876887
8225,12.80809
9229,12.566614
9409,12.164841
8188,12.807902
8679,12.536943
6316,19.594145
12691,12.191667
6887,19.748844
8903,12.618605
8018,14.594967
12374,12.1724825
7891,14.876887
11145,12.43392
9728,12.218969
8423,12.486444
9913,12.204363
7589,15.155937
8919,12.618605
8298,12.8010235
8195,12.807902
7303,19.23795
6352,19.594145
11899,12.642361
7782,14.865169
10404,12.148596
14048,12.331251
13106,12.370458
7107,19.333828
10249,12.1479
7571,15.155937
12194,12.440568
12019,12.585666
7221,19.23795
6216,19.612604
13385,12.419227
9761,12.218969
8900,12.618605
8410,12.486444
11476,12.600515
9816,12.219871
9289,12.490969
11057,12.424055
7569,15.155937
12240,12.378806
7801,14.865169
8355,12.8010235
13043,12.364941
13049,12.370458
5764,25.426167
6202,19.50084
6029,19.189053
10881,12.334739
9655,12.204684
13079,12.370458
12650,12.191667
10498,12.125687
7363,19.247574
8482,12.486444
8538,12.486444
5915,19.777134
10663,12.324036
6164,19.50084
8672,12.536943
14353,12.32191
13241,12.422957
6091,19.189053
12077,12.460036
6325,19.594145
7738,14.865169
6478,19.388422
6490,19.354404
9922,12.204363
9360,12.490969
8972,12.57568
9560,12.194246
11250,12.46513
11253,12.46513
9195,12.566614
7427,19.247574
14355,12.32191
8849,12.583437
10325,12.124404
9363,12.490969
10824,12.32951
12805,12.189858
6179,19.50084
7024,19.622185
11983,12.585666
11503,12.600515
8807,12.583437
8039,14.378211
13375,12.419227
11291,12.488341
9202,12.566614
14371,12.32191
8615,12.489815
7576,15.155937
6551,19.296825
7003,19.622185
12353,12.1724825
12932,12.313115
6612,19.296825
7922,14.594967
12461,12.151012
7808,14.865169
11326,12.488341
9898,12.219871
11848,12.642361
12136,12.440568
12320,12.378806
12617,12.181679
7505,16.838808
5940,19.290989
8470,12.486444
6498,19.354404
5437,29.452671
6808,19.656202
13726,12.323486
6035,19.189053
10045,12.227567
14233,12.31748
12072,12.460036
6366,19.52936
13191,12.422957
10469,12.125687
6210,19.612604
5888,19.777134
7525,16.838808
14055,12.331251
8145,12.807902
10500,12.125687
11628,12.608803
12092,12.460036
8668,12.489815
8300,12.8010235
13078,12.370458
12068,12.460036
7359,19.247574
9529,12.178338
13035,12.364941
7405,19.247574
10275,12.1479
5975,19.290989
12906,12.313115
8468,12.486444
7964,14.594967
9489,12.178338
14383,12.32191
9325,12.490969
11518,12.600515
9948,12.204363
12125,12.460036
9687,12.204684
9594,12.194246
6677,19.50174
13530,12.334011
9535,12.178338
6072,19.189053
14263,12.31748
8483,12.486444
11719,12.608803
19292,5.2895203
12341,12.1724825
10915,12.334739
11327,12.488341
8365,12.8010235
8889,12.618605
13512,12.334011
8443,12.486444
10727,12.324036
9545,12.194246
10446,12.148596
14464,11.684989
6769,19.656202
8240,12.80809
11614,12.611288
11152,12.43392
6271,19.594145
12842,12.189858
9749,12.218969
10904,12.334739
10664,12.324036
13706,12.323486
7752,14.865169
10443,12.148596
8673,12.536943
14255,12.31748
9724,12.218969
11203,12.46513
11605,12.611288
7542,16.838808
13797,12.310478
11304,12.488341
12163,12.440568
11794,12.61728
6084,19.189053
11307,12.488341
11960,12.585666
12630,12.181679
13197,12.422957
8603,12.489815
13243,12.422957
6223,19.612604
11451,12.600515
7582,15.155937
12589,12.181679
9322,12.490969
6045,19.189053
8957,12.57568
9564,12.194246
13133,12.361025
9507,12.178338
14372,12.32191
6126,19.189053
14469,11.684989
6664,19.50174
9936,12.204363
9904,12.204363
11255,12.46513
10408,12.148596
14276,12.31748
6020,19.290989
9250,12.566614
7456,19.247574
11229,12.46513
6027,19.290989
14225,12.31748
12137,12.440568
7298,19.23795
5802,19.777134
8714,12.536943
7882,14.876887
9888,12.219871
11480,12.600515
12263,12.378806
8485,12.486444
13661,12.323486
10221,12.1479
14148,12.35936
9946,12.204363
12644,12.191667
12832,12.189858
15634,7.54886
13062,12.370458
8316,12.8010235
10121,12.193811
7712,15.1300535
13463,12.346628
13315,12.419227
13602,12.334011
7819,14.865169
5910,19.777134
11420,12.562481
9547,12.194246
7646,15.155937
7033,19.622185
14095,12.35936
8925,12.618605
10911,12.334739
9266,12.566614
8878,12.618605
13119,12.361025
8478,12.486444
14217,12.35936
10581,12.23061
18239,5.39424
7985,14.594967
6290,19.594145
13449,12.346628
7481,16.838808
9037,12.57568
13980,12.331251
12167,12.440568
8726,12.536943
13115,12.370458
9100,12.574521
11928,12.642361
6868,19.748844
10671,12.324036
14459,11.684989
12657,12.191667
10669,12.324036
8119,14.378211
7001,19.622185
11764,12.61728
8375,12.8010235
11170,12.43392
9648,12.204684
8319,12.8010235
14447,11.684989
15172,7.742673
8778,12.536943
9300,12.490969
13504,12.346628
12539,12.181679
13227,12.422957
11817,12.61728
10806,12.32951
11778,12.61728
9509,12.178338
9608,12.204684
10948,12.334739
10765,12.32951
13561,12.334011
13967,12.331251
9134,12.574521
14525,8.876176
10791,12.32951
8174,12.807902
7745,14.865169
9406,12.164841
12527,12.151012
10810,12.32951
10157,12.193811
10319,12.124404
10779,12.32951
14218,12.35936
12687,12.191667
13037,12.364941
6595,19.296825
12157,12.440568
7799,14.865169
12787,12.189858
12840,12.189858
9920,12.204363
12711,12.191667
12989,12.364941
13755,12.310478
13837,12.304066
11742,12.608803
9147,12.574521
10852,12.32951
8403,12.486444
9893,12.219871
12626,12.181679
13267,12.422957
9284,12.566614
12146,12.440568
9483,12.178338
13791,12.310478
9069,12.574521
11724,12.608803
11537,12.611288
16839,7.8318624
10515,12.125687
14508,11.684989
14344,12.32191
12969,12.364941
9061,12.57568
9212,12.566614
7921,14.594967
11066,12.424055
8124,14.378211
12838,12.189858
14491,11.684989
14189,12.35936
7872,14.876887
8452,12.486444
13260,12.422957
9544,12.194246
11034,12.424055
14112,12.35936
9754,12.218969
13573,12.334011
12754,12.191667
9774,12.218969
10611,12.23061
13640,12.323486
10501,12.125687
14227,12.31748
13649,12.323486
6830,19.656202
8941,12.618605
6379,19.52936
11925,12.642361
11448,12.600515
9012,12.57568
9614,12.204684
8246,12.80809
8886,12.618605
7907,14.876887
11924,12.642361
13821,12.310478
5804,19.777134
6355,19.594145
7877,14.876887
14299,12.31748
14206,12.35936
8156,12.807902
8828,12.583437
10104,12.227567
12165,12.440568
11127,12.43392
10690,12.324036
10870,12.334739
13922,12.304066
12319,12.378806
8238,12.80809
9132,12.574521
14012,12.331251
12014,12.585666
8951,12.57568
9498,12.178338
9820,12.219871
7168,19.333828
14236,12.31748
6518,19.354404
6687,19.50174
6481,19.388422
8936,12.618605
22618,5.470581
8282,12.80809
6388,19.52936
13707,12.323486
10658,12.324036
9928,12.204363
11505,12.600515
8833,12.583437
12930,12.313115
13700,12.323486
8761,12.536943
9185,12.574521
11762,12.61728
12988,12.364941
8969,12.57568
6024,19.290989
13881,12.304066
11378,12.562481
11206,12.46513
9355,12.490969
8459,12.486444
9870,12.219871
12438,12.151012
9391,12.164841
7732,14.865169
11502,12.600515
12276,12.378806
9886,12.219871
13019,12.364941
9006,12.57568
11037,12.424055
11402,12.562481
10023,12.227567
8465,12.486444
12058,12.585666
8574,12.489815
11943,12.642361
11075,12.43392
12606,12.181679
11365,12.562481
8139,14.378211
6149,19.50084
14190,12.35936
8350,12.8010235
6119,19.189053
8528,12.486444
13694,12.323486
12135,12.440568
8692,12.536943
9414,12.164841
13101,12.370458
13064,12.370458
13053,12.370458
11860,12.642361
11752,12.608803
13775,12.310478
7573,15.155937
10427,12.148596
9152,12.574521
11838,12.642361
12311,12.378806
9986,12.204363
6245,19.612604
11388,12.562481
9093,12.574521
12747,12.191667
7639,15.155937
8779,12.536943
10256,12.1479
6418,19.52936
9378,12.164841
9606,12.194246
9976,12.204363
8274,12.80809
10041,12.227567
8891,12.618605
12475,12.151012
8394,12.486444
13251,12.422957
8361,12.8010235
7703,15.1300535
10714,12.324036
12051,12.585666
11674,12.608803
15296,7.671312
13291,12.419227
13691,12.323486
7893,14.876887
11839,12.642361
12678,12.191667
8231,12.80809
14070,12.35936
11770,12.61728
8874,12.618605
10650,12.23061
9356,12.490969
13310,12.419227
8241,12.80809
8999,12.57568
13188,12.361025
14129,12.35936
12422,12.1724825
8223,12.80809
9410,12.164841
11812,12.61728
8141,14.378211
7578,15.155937
7136,19.333828
13538,12.334011
9739,12.218969
11915,12.642361
9149,12.574521
14359,12.32191
9253,12.566614
11972,12.585666
12585,12.181679
10210,12.1479
14163,12.35936
12428,12.1724825
12107,12.460036
9595,12.194246
14275,12.31748
9161,12.574521
12052,12.585666
9853,12.219871
13400,12.419227
12116,12.460036
14446,11.684989
11377,12.562481
14403,12.32191
13189,12.361025
7439,19.247574
12845,12.313115
13872,12.304066
16465,7.7659893
11105,12.43392
13734,12.323486
11474,12.600515
11021,12.424055
12739,12.191667
10741,12.324036
13729,12.323486
10853,12.32951
12599,12.181679
7691,15.1300535
8648,12.489815
7755,14.865169
12084,12.460036
13215,12.422957
11395,12.562481
10372,12.148596
10483,12.125687
11405,12.562481
14362,12.32191
7713,15.1300535
9688,12.204684
13024,12.364941
11611,12.611288
10802,12.32951
6405,19.52936
13804,12.310478
10004,12.227567
11507,12.600515
16880,7.8318624
8657,12.489815
8757,12.536943
12176,12.440568
11257,12.46513
7132,19.333828
14214,12.35936
13912,12.304066
10347,12.124404
12188,12.440568
12915,12.313115
11717,12.608803
15813,7.4763746
12761,12.189858
10908,12.334739
11541,12.611288
14058,12.331251
12710,12.191667
9892,12.219871
13447,12.346628
13208,12.422957
9831,12.219871
10368,12.148596
7585,15.155937
17431,7.597395
12210,12.440568
9188,12.574521
8364,12.8010235
17471,7.141298
14003,12.331251
8136,14.378211
9412,12.164841
9059,12.57568
8255,12.80809
7536,16.838808
11617,12.611288
12407,12.1724825
12717,12.191667
9626,12.204684
13195,12.422957
10901,12.334739
11985,12.585666
7438,19.247574
11574,12.611288
9291,12.490969
13415,12.346628
6538,19.296825
16689,7.7781005
10356,12.124404
13484,12.346628
15165,7.742673
11320,12.488341
9570,12.194246
8304,12.8010235
10018,12.227567
15297,7.671312
9194,12.566614
8460,12.486444
11107,12.43392
11198,12.46513
13040,12.364941
8827,12.583437
16361,7.7212443
9482,12.178338
8206,12.807902
13222,12.422957
9585,12.194246
12367,12.1724825
13181,12.361025
9958,12.204363
14476,11.684989
8137,14.378211
13740,12.310478
8390,12.486444
9758,12.218969
14361,12.32191
12572,12.181679
10239,12.1479
12211,12.440568
8151,12.807902
13432,12.346628
11809,12.61728
12365,12.1724825
15568,7.54886
11547,12.611288
9252,12.566614
13618,12.334011
13093,12.370458
13916,12.304066
13083,12.370458
9380,12.164841
14248,12.31748
9317,12.490969
9659,12.204684
11615,12.611288
9400,12.164841
19505,5.3126993
8442,12.486444
11758,12.61728
12825,12.189858
12011,12.585666
12920,12.313115
15249,7.687751
12829,12.189858
6111,19.189053
12859,12.313115
14442,12.32191
11414,12.562481
10855,12.32951
12121,12.460036
8409,12.486444
9192,12.566614
10718,12.324036
11359,12.488341
9008,12.57568
8295,12.8010235
9897,12.219871
13756,12.310478
9701,12.218969
9052,12.57568
8735,12.536943
15001,7.7322865
10549,12.23061
10444,12.148596
13022,12.364941
9770,12.218969
14964,7.7322865
9020,12.57568
9303,12.490969
11773,12.61728
9857,12.219871
13075,12.370458
15719,7.473229
9872,12.219871
10608,12.23061
11624,12.611288
9320,12.490969
12498,12.151012
12483,12.151012
8583,12.489815
8317,12.8010235
9992,12.227567
11150,12.43392
9668,12.204684
12378,12.1724825
14529,8.876176
7828,14.865169
14219,12.31748
8856,12.583437
9942,12.204363
13124,12.361025
9905,12.204363
15337,7.671312
11591,12.611288
10678,12.324036
9197,12.566614
9619,12.204684
10781,12.32951
8608,12.489815
16367,7.7212443
11146,12.43392
12119,12.460036
10287,12.124404
11751,12.608803
10598,12.23061
13587,12.334011
13634,12.323486
13996,12.331251
11465,12.600515
17504,7.141298
15808,7.4763746
11524,12.600515
9153,12.574521
9383,12.164841
11592,12.611288
9987,12.204363
10873,12.334739
13597,12.334011
12953,12.364941
10001,12.227567
13499,12.346628
15718,7.473229
10615,12.23061
12307,12.378806
10219,12.1479
10477,12.125687
14234,12.31748
8476,12.486444
12228,12.378806
13724,12.323486
14513,11.684989
9125,12.574521
13555,12.334011
10305,12.124404
14740,7.697189
11527,12.611288
8211,12.807902
15355,7.671312
8285,12.80809
15419,7.6631722
7916,14.594967
8842,12.583437
10191,12.193811
10156,12.193811
12143,12.440568
13626,12.334011
11194,12.43392
16503,7.7659893
11288,12.488341
15970,7.498715
9731,12.218969
13328,12.419227
10949,12.334739
14088,12.35936
11071,12.424055
13416,12.346628
12574,12.181679
9520,12.178338
11337,12.488341
9962,12.204363
10556,12.23061
11333,12.488341
12550,12.181679
13888,12.304066
15423,7.6631722
16586,7.7659893
12322,12.1724825
16711,7.7781005
9201,12.566614
11396,12.562481
9056,12.57568
8477,12.486444
12321,12.1724825
8425,12.486444
10384,12.148596
16886,7.820312
8965,12.57568
9099,12.574521
7821,14.865169
13522,12.334011
7724,15.1300535
11401,12.562481
10657,12.324036
10468,12.125687
7592,15.155937
13150,12.361025
17184,7.8376403
12406,12.1724825
8887,12.618605
13761,12.310478
10261,12.1479
8377,12.486444
13492,12.346628
10242,12.1479
8256,12.80809
9568,12.194246
16496,7.7659893
11004,12.424055
8654,12.489815
8037,14.378211
14081,12.35936
8299,12.8010235
13581,12.334011
9601,12.194246
10902,12.334739
13604,12.334011
7924,14.594967
8863,12.583437
10463,12.148596
10122,12.193811
10933,12.334739
12296,12.378806
12914,12.313115
13883,12.304066
17035,7.820312
8764,12.536943
9767,12.218969
9084,12.574521
16067,7.6052265
12493,12.151012
14272,12.31748
11290,12.488341
10493,12.125687
10189,12.193811
15208,7.742673
10865,12.32951
11293,12.488341
9796,12.218969
10322,12.124404
8413,12.486444
8956,12.57568
9263,12.566614
12101,12.460036
12882,12.313115
12030,12.585666
10952,12.424055
9373,12.490969
12788,12.189858
12547,12.181679
11635,12.608803
8769,12.536943
14118,12.35936
7671,15.1300535
8406,12.486444
13903,12.304066
14479,11.684989
12586,12.181679
11921,12.642361
8487,12.486444
13976,12.331251
8868,12.583437
13008,12.364941
15565,7.5664515
14492,11.684989
16660,7.7781005
15293,7.671312
8929,12.618605
11264,12.46513
8270,12.80809
11424,12.600515
10246,12.1479
15858,7.4750004
16858,7.8318624
12246,12.378806
13495,12.346628
12868,12.313115
18366,5.3191967
14972,7.7322865
12082,12.460036
14458,11.684989
14378,12.32191
12481,12.151012
13768,12.310478
10044,12.227567
10868,12.334739
14524,8.876176
12659,12.191667
11276,12.488341
17105,7.843228
9366,12.490969
9685,12.204684
12088,12.460036
14627,7.711739
11134,12.43392
10424,12.148596
8158,12.807902
9863,12.219871
10008,12.227567
10957,12.424055
12897,12.313115
12917,12.313115
10814,12.32951
10899,12.334739
14368,12.32191
10812,12.32951
10094,12.227567
12689,12.191667
9124,12.574521
8450,12.486444
13485,12.346628
12534,12.181679
7609,15.155937
14499,11.684989
7706,15.1300535
14695,7.711739
9014,12.57568
9602,12.194246
13857,12.304066
8777,12.536943
12282,12.378806
14467,11.684989
11192,12.43392
14133,12.35936
16970,7.820312
11682,12.608803
12281,12.378806
10203,12.1479
11318,12.488341
9672,12.204684
10491,12.125687
14099,12.35936
13354,12.419227
13551,12.334011
10772,12.32951
11132,12.43392
12542,12.181679
13286,12.419227
15671,7.473229
13814,12.310478
10947,12.334739
14522,8.876176
8454,12.486444
8623,12.489815
12530,12.181679
14315,12.32191
9517,12.178338
11269,12.46513
10228,12.1479
8187,12.807902
16849,7.8318624
12986,12.364941
7558,16.838808
13082,12.370458
12290,12.378806
13139,12.361025
11702,12.608803
9975,12.204363
13745,12.310478
8149,12.807902
8576,12.489815
12286,12.378806
14313,12.31748
13811,12.310478
13475,12.346628
10342,12.124404
13402,12.419227
11896,12.642361
10519,12.125687
10381,12.148596
12417,12.1724825
8105,14.378211
11863,12.642361
12054,12.585666
14617,8.876176
11266,12.46513
8198,12.807902
13742,12.310478
12131,12.460036
8743,12.536943
12802,12.189858
15256,7.687751
11850,12.642361
9213,12.566614
10389,12.148596
21763,5.3489723
15590,7.54886
13862,12.304066
15054,7.7473683
10476,12.125687
12733,12.191667
22524,5.4467425
14152,12.35936
11782,12.61728
10784,12.32951
10030,12.227567
10862,12.32951
8180,12.807902
6241,19.612604
8799,12.583437
17180,7.8376403
11961,12.585666
17017,7.820312
12619,12.181679
11993,12.585666
9541,12.178338
12409,12.1724825
8447,12.486444
15487,7.5664515
16202,7.6281037
8892,12.618605
9642,12.204684
8280,12.80809
10562,12.23061
13000,12.364941
7850,14.876887
13371,12.419227
21903,5.3375244
10182,12.193811
12434,12.151012
9469,12.178338
14441,12.32191
12372,12.1724825
9345,12.490969
12140,12.440568
12793,12.189858
8516,12.486444
17378,7.597395
13170,12.361025
16813,7.8318624
9338,12.490969
8196,12.807902
9842,12.219871
7731,15.1300535
11355,12.488341
8439,12.486444
11438,12.600515
11443,12.600515
15725,7.473229
12811,12.189858
13060,12.370458
10392,12.148596
13249,12.422957
17237,7.8376403
8840,12.583437
10991,12.424055
12528,12.151012
11376,12.562481
13925,12.304066
7885,14.876887
11679,12.608803
13433,12.346628
10575,12.23061
10202,12.1479
10840,12.32951
11408,12.562481
8121,14.378211
16941,7.820312
14770,7.697189
20097,5.3710685
10448,12.148596
16166,7.6052265
18034,5.4497113
8821,12.583437
14261,12.31748
10864,12.32951
8362,12.8010235
8797,12.536943
10739,12.324036
10352,12.124404
8542,12.486444
8229,12.80809
11804,12.61728
13172,12.361025
11305,12.488341
15879,7.4750004
14049,12.331251
7563,16.838808
10185,12.193811
15002,7.7473683
9801,12.219871
13361,12.419227
10612,12.23061
14054,12.331251
11491,12.600515
12147,12.440568
11406,12.562481
17050,7.843228
16197,7.6281037
17467,7.141298
10328,12.124404
9607,12.194246
13770,12.310478
11259,12.46513
16332,7.637444
12097,12.460036
13423,12.346628
14735,7.697189
15617,7.54886
9459,12.164841
15529,7.5664515
11959,12.585666
9198,12.566614
8641,12.489815
9875,12.219871
9737,12.218969
8497,12.486444
11038,12.424055
10312,12.124404
12238,12.378806
9844,12.219871
8832,12.583437
8715,12.536943
13973,12.331251
8489,12.486444
10577,12.23061
17476,7.141298
16058,7.6052265
17179,7.8376403
11862,12.642361
21831,5.3375244
12645,12.191667
13048,12.370458
11060,12.424055
13132,12.361025
12506,12.151012
11955,12.642361
21893,5.3375244
13394,12.419227
15526,7.5664515
11710,12.608803
11099,12.43392
9633,12.204684
15431,7.6631722
14841,7.697189
13038,12.364941
14945,7.7322865
12556,12.181679
10199,12.1479
7827,14.865169
7719,15.1300535
10007,12.227567
13023,12.364941
17038,7.820312
8197,12.807902
15785,7.4763746
10543,12.125687
10163,12.193811
9989,12.204363
14471,11.684989
7682,15.1300535
14250,12.31748
11866,12.642361
13831,12.310478
17185,7.8376403
17402,7.597395
9512,12.178338
10843,12.32951
9502,12.178338
15279,7.687751
9440,12.164841
8742,12.536943
11651,12.608803
8132,14.378211
16757,7.783133
10600,12.23061
10497,12.125687
12849,12.313115
13160,12.361025
8703,12.536943
10359,12.124404
8944,12.618605
8165,12.807902
14802,7.697189
16144,7.6052265
10520,12.125687
19928,5.3797803
12491,12.151012
15139,7.742673
8760,12.536943
12169,12.440568
12421,12.1724825
16411,7.7212443
12509,12.151012
11828,12.61728
13630,12.334011
17342,7.597395
8815,12.583437
18456,5.3022165
9722,12.218969
8354,12.8010235
13871,12.304066
17494,7.141298
7725,15.1300535
8642,12.489815
8971,12.57568
8019,14.594967
10872,12.334739
22814,5.368587
11233,12.46513
12016,12.585666
11079,12.43392
19401,5.3167744
16627,7.7781005
22770,5.368587
8617,12.489815
12900,12.313115
10290,12.124404
15213,7.687751
12133,12.460036
8570,12.489815
15616,7.54886
16137,7.6052265
14468,11.684989
15298,7.671312
17177,7.8376403
11223,12.46513
17425,7.597395
10438,12.148596
13632,12.334011
11149,12.43392
14810,7.697189
13134,12.361025
15186,7.742673
15459,7.6631722
14303,12.31748
15067,7.7473683
17176,7.843228
22683,5.441694
14063,12.331251
10276,12.124404
15902,7.4750004
8670,12.536943
11816,12.61728
20273,5.3414383
14701,7.711739
13459,12.346628
13123,12.361025
13681,12.323486
15100,7.7473683
16851,7.8318624
15601,7.54886
16811,7.783133
9534,12.178338
14019,12.331251
14542,8.876176
12503,12.151012
19027,5.2753353
8550,12.489815
13175,12.361025
10244,12.1479
9682,12.204684
9753,12.218969
13657,12.323486
15109,7.7473683
13114,12.370458
12952,12.313115
14557,8.876176
21931,5.346523
16889,7.820312
6812,19.656202
9051,12.57568
15430,7.6631722
17182,7.8376403
12429,12.151012
9397,12.164841
8453,12.486444
12382,12.1724825
16266,7.637444
11836,12.61728
10274,12.1479
17113,7.843228
19780,5.387109
16442,7.7212443
19085,5.2753353
19786,5.387109
15060,7.7473683
9150,12.574521
13207,12.422957
13829,12.310478
10280,12.124404
13069,12.370458
12315,12.378806
15824,7.4763746
12301,12.378806
12922,12.313115
16864,7.8318624
10877,12.334739
16672,7.7781005
22262,5.362354
15376,7.6631722
21302,5.116408
20390,5.2355356
13805,12.310478
16600,7.7781005
13989,12.331251
8854,12.583437
12947,12.313115
14845,7.6948876
13559,12.334011
16780,7.783133
15853,7.4750004
15017,7.7473683
10861,12.32951
12460,12.151012
12193,12.440568
9392,12.164841
16128,7.6052265
19775,5.387109
7900,14.876887
17436,7.141298
10397,12.148596
10914,12.334739
16799,7.783133
10353,12.124404
9577,12.194246
13800,12.310478
16084,7.6052265
16025,7.498715
16571,7.7659893
14558,8.876176
15367,7.671312
16111,7.6052265
15973,7.498715
15199,7.742673
16051,7.498715
7986,14.594967
14848,7.6948876
12796,12.189858
18577,5.3167305
16327,7.637444
22776,5.368587
11535,12.611288
13367,12.419227
16565,7.7659893
16658,7.7781005
19067,5.2753353
10158,12.193811
17049,7.843228
11743,12.608803
16477,7.7659893
15536,7.5664515
14521,8.876176
13462,12.346628
15075,7.7473683
16579,7.7659893
10137,12.193811
21127,5.1511784
16803,7.783133
10071,12.227567
9712,12.218969
13677,12.323486
16261,7.637444
10369,12.148596
17835,5.4496965
9909,12.204363
14975,7.7322865
9542,12.178338
14927,7.6948876
16190,7.6281037
14532,8.876176
13548,12.334011
15538,7.5664515
15626,7.54886
10297,12.124404
13952,12.304066
14816,7.697189
16933,7.820312
14644,7.711739
15112,7.7473683
17166,7.843228
16601,7.7781005
15242,7.687751
9048,12.57568
16362,7.7212443
16945,7.820312
11242,12.46513
15395,7.6631722
15387,7.6631722
8513,12.486444
18665,5.3167305
16906,7.820312
16786,7.783133
16295,7.637444
16233,7.6281037
10761,12.32951
17123,7.843228
14590,8.876176
16404,7.7212443
20987,5.166748
13953,12.304066
13589,12.334011
16384,7.7212443
22381,5.3865213
15364,7.671312
13363,12.419227
16073,7.6052265
9899,12.219871
17635,5.6006975
16115,7.6052265
21513,5.301594
13443,12.346628
14278,12.31748
13349,12.419227
17168,7.843228
8332,12.8010235
11191,12.43392
16399,7.7212443
16240,7.6281037
21191,5.129631
16188,7.6281037
16337,7.637444
16290,7.637444
14431,12.32191
8164,12.807902
20467,5.2147584
13595,12.334011
17243,7.8376403
12844,12.189858
12801,12.189858
10127,12.193811
16736,7.783133
9622,12.204684
15838,7.4763746
18759,5.3202977
10052,12.227567
14951,7.7322865
15579,7.54886
22588,5.470581
16483,7.7659893
10906,12.334739
15877,7.4750004
18399,5.3191967
9453,12.164841
23379,4.873292
15014,7.7473683
11316,12.488341
15176,7.742673
16752,7.783133
9811,12.219871
9375,12.164841
16357,7.637444
14985,7.7322865
20475,5.2147584
13685,12.323486
16015,7.498715
17435,7.597395
18359,5.3191967
13141,12.361025
16359,7.7212443
15602,7.54886
23531,4.2079897
16668,7.7781005
18494,5.3022165
14007,12.331251
15650,7.473229
14766,7.697189
8575,12.489815
21514,5.301594
21464,5.301594
15209,7.742673
17092,7.843228
9351,12.490969
15243,7.687751
17734,5.48037
10710,12.324036
14091,12.35936
15211,7.742673
16516,7.7659893
20521,5.1830425
15658,7.473229
14754,7.697189
20865,5.159815
16926,7.820312
17802,5.4496965
18820,5.2690754
15252,7.687751
15737,7.4763746
12151,12.440568
20723,5.1980004
10818,12.32951
16414,7.7212443
21064,5.1511784
10697,12.324036
14734,7.697189
11731,12.608803
15019,7.7473683
14279,12.31748
16215,7.6281037
15614,7.54886
15122,7.7473683
16259,7.637444
15263,7.687751
15276,7.687751
19303,5.27651
14618,8.876176
15148,7.742673
11369,12.562481
14920,7.6948876
15615,7.54886
9251,12.566614
17126,7.843228
16189,7.6281037
18461,5.3022165
21599,5.298525
15982,7.498715
12389,12.1724825
20838,5.159815
14776,7.697189
19569,5.3094697
17147,7.843228
22371,5.3865213
15098,7.7473683
15539,7.5664515
22206,5.3764744
12785,12.189858
14979,7.7322865
17212,7.8376403
14544,8.876176
14509,11.684989
11313,12.488341
14843,7.697189
17362,7.597395
16603,7.7781005
15477,7.6631722
15171,7.742673
16830,7.8318624
14903,7.6948876
16183,7.6281037
9934,12.204363
16204,7.6281037
14829,7.697189
16176,7.6281037
15091,7.7473683
22474,5.4467425
22932,5.3556156
17440,7.141298
12524,12.151012
17279,7.8376403
16580,7.7659893
9419,12.164841
15391,7.6631722
14585,8.876176
14791,7.697189
17925,5.449829
14636,7.711739
18441,5.3191967
15324,7.671312
12656,12.191667
15955,7.498715
9804,12.219871
21802,5.3489723
15238,7.687751
15731,7.4763746
18145,5.4004545
18630,5.3167305
9558,12.194246
21475,5.301594
14661,7.711739
22622,5.470581
22099,5.4046197
15815,7.4763746
15283,7.687751
14867,7.6948876
16842,7.8318624
17282,7.597395
16756,7.783133
16297,7.637444
17448,7.141298
19532,5.3126993
16930,7.820312
17460,7.141298
22646,5.441694
22693,5.441694
18011,5.4497113
15102,7.7473683
11436,12.600515
15341,7.671312
13896,12.304066
10398,12.148596
15107,7.7473683
14929,7.6948876
15817,7.4763746
19972,5.3797803
22726,5.368587
16118,7.6052265
17336,7.597395
11604,12.611288
22185,5.3764744
16418,7.7212443
21759,5.3489723
14700,7.711739
16747,7.783133
14543,8.876176
14932,7.7322865
19818,5.3903756
17229,7.8376403
19737,5.387109
15104,7.7473683
16640,7.7781005
22458,5.4467425
15983,7.498715
16783,7.783133
18656,5.3167305
15289,7.687751
10614,12.23061
15561,7.5664515
21818,5.3375244
11747,12.608803
14611,8.876176
15244,7.687751
17661,5.48037
22119,5.4046197
16598,7.7659893
17102,7.843228
15402,7.6631722
19014,5.2753353
20182,5.3773494
15888,7.4750004
8880,12.618605
16235,7.6281037
16922,7.820312
15637,7.54886
14906,7.6948876
17935,5.449829
15773,7.4763746
16076,7.6052265
18480,5.3022165
9932,12.204363
10061,12.227567
16400,7.7212443
20317,5.3414383
22613,5.470581
19672,5.3285956
16868,7.8318624
16840,7.8318624
15393,7.6631722
19864,5.3903756
16239,7.6281037
21762,5.3489723
16706,7.7781005
16564,7.7659893
15991,7.498715
22188,5.3764744
17942,5.449829
14882,7.6948876
15303,7.671312
18124,5.4004545
11051,12.424055
22758,5.368587
15469,7.6631722
20030,5.3757
15746,7.4763746
19841,5.3903756
14578,8.876176
17785,5.4496965
17078,7.843228
20340,5.2355356
15767,7.4763746
15672,7.473229
20863,5.159815
22493,5.4467425
14759,7.697189
18966,5.2494354
16101,7.6052265
19252,5.2895203
22729,5.368587
19875,5.3903756
20198,5.3773494
14970,7.7322865
13144,12.361025
15763,7.4763746
14874,7.6948876
21495,5.301594
15299,7.671312
15085,7.7473683
15980,7.498715
16635,7.7781005
8178,12.807902
18112,5.4004545
15484,7.5664515
9350,12.490969
21998,5.412277
22337,5.362354
15135,7.742673
19682,5.3285956
15610,7.54886
21574,5.298525
16815,7.8318624
15437,7.6631722
15900,7.4750004
17507,7.141298
16007,7.498715
22022,5.412277
16659,7.7781005
20044,5.3757
17744,5.48037
18818,5.2690754
16810,7.783133
16134,7.6052265
17110,7.843228
15491,7.5664515
15937,7.4750004
22155,5.4046197
19286,5.2895203
16695,7.7781005
15377,7.6631722
23354,5.298672
16228,7.6281037
19361,5.27651
16816,7.8318624
15212,7.742673
17325,7.597395
16203,7.6281037
10480,12.125687
23017,5.321107
15178,7.742673
21626,5.298525
10545,12.125687
23251,5.298672
22097,5.4046197
23423,4.873292
21996,5.412277
14653,7.711739
16443,7.7212443
15805,7.4763746
17896,5.449829
19227,5.2895203
22348,5.3865213
22946,5.321107
16664,7.7781005
20701,5.1980004
21449,5.301594
18831,5.2690754
18121,5.4004545
15852,7.4750004
11766,12.61728
15239,7.687751
19043,5.2753353
21722,5.3195047
14992,7.7322865
12034,12.585666
16264,7.637444
12564,12.181679
8248,12.80809
22029,5.412277
8943,12.618605
23621,3.5183883
25066,3.5426216
19962,5.3797803
19274,5.2895203
12571,12.181679
15993,7.498715
17966,5.4497113
23182,5.3181977
9434,12.164841
15694,7.473229
15335,7.671312
22650,5.441694
16831,7.8318624
10175,12.193811
15145,7.742673
15097,7.7473683
18797,5.3202977
17203,7.8376403
22541,5.4467425
18841,5.2690754
17996,5.4497113
16546,7.7659893
22935,5.3556156
20685,5.1980004
15448,7.6631722
16368,7.7212443
16000,7.498715
20639,5.1980004
11807,12.61728
21552,5.301594
21054,5.1511784
15555,7.5664515
17276,7.8376403
17533,7.141298
16702,7.7781005
16900,7.820312
19650,5.3285956
23271,5.298672
14733,7.697189
22193,5.3764744
19640,5.3094697
12484,12.151012
15482,7.5664515
19774,5.387109
21720,5.3195047
20641,5.1980004
15499,7.5664515
10429,12.148596
15478,7.5664515
23256,5.298672
16068,7.6052265
16360,7.7212443
10198,12.1479
21086,5.1511784
20243,5.3773494
21611,5.298525
23148,5.3181977
24909,3.7227473
16961,7.820312
18700,5.3202977
20099,5.3710685
17244,7.8376403
15073,7.7473683
23069,5.321107
18770,5.3202977
16010,7.498715
22572,5.470581
14878,7.6948876
17518,7.141298
21087,5.1511784
22214,5.3764744
21610,5.298525
20090,5.3757
18756,5.3202977
19958,5.3797803
20834,5.159815
14811,7.697189
17852,5.449829
17210,7.8376403
22343,5.362354
20966,5.1508107
24212,3.4734712
16572,7.7659893
20069,5.3757
15843,7.4750004
17020,7.820312
16435,7.7212443
17404,7.597395
18760,5.3202977
16741,7.783133
17920,5.449829
19566,5.3126993
18838,5.2690754
16948,7.820312
16069,7.6052265
18327,5.3111773
15949,7.498715
19815,5.3903756
22865,5.3556156
21550,5.301594
21854,5.3375244
19257,5.2895203
15981,7.498715
19487,5.3126993
12416,12.1724825
23101,5.3181977
16296,7.637444
16098,7.6052265
18462,5.3022165
15554,7.5664515
16454,7.7212443
15090,7.7473683
19521,5.3126993
8293,12.8010235
17663,5.48037
17080,7.843228
15506,7.5664515
16612,7.7781005
16174,7.6281037
19088,5.2753353
16008,7.498715
17547,5.6006975
21309,5.100689
16837,7.8318624
18228,5.39424
18177,5.39424
19445,5.3167744
20175,5.3773494
16918,7.820312
14921,7.6948876
14958,7.7322865
22649,5.441694
22358,5.3865213
20891,5.1508107
15578,7.54886
17840,5.4496965
18617,5.3167305
14669,7.711739
15354,7.671312
12086,12.460036
21961,5.346523
21673,5.3195047
22798,5.368587
18200,5.39424
22937,5.321107
19588,5.3094697
18623,5.3167305
14986,7.7322865
22060,5.412277
20957,5.1508107
18553,5.3022165
15467,7.6631722
15654,7.473229
22479,5.4467425
19575,5.3094697
17993,5.4497113
20265,5.3773494
14753,7.697189
16349,7.637444
18192,5.39424
14928,7.6948876
16253,7.637444
20326,5.3414383
17314,7.597395
14625,7.711739
19739,5.387109
15268,7.687751
20647,5.1980004
17288,7.597395
22595,5.470581
23037,5.321107
17763,5.4496965
22628,5.441694
10505,12.125687
18258,5.39424
19139,5.2753353
22020,5.412277
15709,7.473229
19369,5.27651
18815,5.3202977
15426,7.6631722
15633,7.54886
17399,7.597395
16697,7.7781005
15320,7.671312
15245,7.687751
14854,7.6948876
21004,5.166748
21157,5.129631
21117,5.1511784
22239,5.3764744
21022,5.166748
19843,5.3903756
20023,5.3757
15729,7.4763746
16257,7.637444
18251,5.39424
22164,5.4046197
20197,5.3773494
15769,7.4763746
16712,7.7781005
22349,5.3865213
22785,5.368587
22519,5.4467425
16719,7.7781005
15932,7.4750004
16120,7.6052265
23039,5.321107
15403,7.6631722
15819,7.4763746
14720,7.697189
20429,5.2147584
21327,5.100689
22127,5.4046197
23220,5.298672
16853,7.8318624
20111,5.3710685
17540,5.6006975
14999,7.7322865
22274,5.362354
15359,7.671312
14697,7.711739
20400,5.2355356
18084,5.4004545
22048,5.412277
19202,5.2895203
21217,5.129631
18149,5.4004545
20282,5.3414383
21049,5.166748
17566,5.6006975
21185,5.129631
14825,7.697189
20472,5.2147584
21298,5.116408
20001,5.3797803
23523,4.2079897
15277,7.687751
15936,7.4750004
16641,7.7781005
20732,5.1980004
18151,5.39424
18533,5.3022165
14652,7.711739
21728,5.3195047
23204,5.3181977
22789,5.368587
15175,7.742673
19397,5.3167744
21409,5.099973
19887,5.3903756
24494,3.4305224
16909,7.820312
15541,7.5664515
22156,5.4046197
17054,7.843228
21348,5.100689
17041,7.843228
16791,7.783133
21009,5.166748
12272,12.378806
17103,7.843228
19723,5.387109
15333,7.671312
16114,7.6052265
14752,7.697189
16401,7.7212443
17496,7.141298
23099,5.3181977
22896,5.3556156
20709,5.1980004
19248,5.2895203
17952,5.449829
20596,5.1830425
17281,7.8376403
19316,5.27651
22917,5.3556156
23258,5.298672
18055,5.4497113
24923,3.7227473
20092,5.3757
19906,5.3903756
21582,5.298525
14632,7.711739
20418,5.2147584
17481,7.141298
22201,5.3764744
17867,5.449829
21017,5.166748
14657,7.711739
23073,5.3181977
14931,7.6948876
20334,5.3414383
20062,5.3757
15643,7.54886
17256,7.8376403
20950,5.1508107
19444,5.3167744
18140,5.4004545
15985,7.498715
15929,7.4750004
15827,7.4763746
21758,5.3489723
17411,7.597395
15168,7.742673
23094,5.3181977
19283,5.2895203
18165,5.39424
20045,5.3757
18358,5.3191967
18616,5.3167305
16937,7.820312
16358,7.7212443
14977,7.7322865
19263,5.2895203
19433,5.3167744
16519,7.7659893
20894,5.1508107
20621,5.1980004
17759,5.48037
19787,5.387109
18669,5.3167305
17603,5.6006975
15676,7.473229
15205,7.742673
17940,5.449829
13167,12.361025
18754,5.3202977
19122,5.2753353
16054,7.498715
20998,5.166748
18481,5.3022165
15645,7.54886
19409,5.3167744
19952,5.3797803
15846,7.4750004
21503,5.301594
16759,7.783133
21142,5.129631
21254,5.116408
15657,7.473229
22232,5.3764744
15267,7.687751
15415,7.6631722
21187,5.129631
20696,5.1980004
15127,7.742673
21311,5.100689
20649,5.1980004
14658,7.711739
18216,5.39424
20648,5.1980004
18120,5.4004545
19077,5.2753353
18737,5.3202977
20094,5.3710685
20293,5.3414383
22527,5.4467425
17981,5.4497113
19632,5.3094697
18909,5.2494354
17767,5.4496965
20446,5.2147584
18987,5.2494354
20137,5.3710685
21347,5.100689
18308,5.3111773
19756,5.387109
15290,7.687751
23237,5.298672
19431,5.3167744
18388,5.3191967
22114,5.4046197
17769,5.4496965
20193,5.3773494
15874,7.4750004
22046,5.412277
19466,5.3126993
20922,5.1508107
16726,7.783133
21123,5.1511784
22545,5.470581
21678,5.3195047
15259,7.687751
17477,7.141298
22109,5.4046197
21942,5.346523
24346,3.457699
17746,5.48037
14676,7.711739
20174,5.3773494
22923,5.3556156
23215,5.298672
17142,7.843228
15348,7.671312
22342,5.362354
15535,7.5664515
20254,5.3773494
21228,5.116408
21937,5.346523
10700,12.324036
17701,5.48037
17813,5.4496965
16038,7.498715
19562,5.3126993
20493,5.2147584
21894,5.3375244
18529,5.3022165
19993,5.3797803
16737,7.783133
25065,3.5426216
14807,7.697189
15375,7.671312
15931,7.4750004
18204,5.39424
24769,3.6280742
23390,4.873292
16683,7.7781005
20698,5.1980004
24902,3.6789703
23343,5.298672
14898,7.6948876
14756,7.697189
20785,5.159815
19258,5.2895203
20646,5.1980004
14660,7.711739
19666,5.3285956
15656,7.473229
22089,5.412277
21050,5.166748
20129,5.3710685
22829,5.368587
19658,5.3285956
14919,7.6948876
17204,7.8376403
15548,7.5664515
22364,5.3865213
20235,5.3773494
17672,5.48037
19515,5.3126993
22477,5.4467425
19204,5.2895203
16919,7.820312
17328,7.597395
21806,5.3489723
20345,5.2355356
18580,5.3167305
18848,5.2690754
15673,7.473229
23880,3.4748392
21737,5.3195047
16408,7.7212443
18109,5.4004545
21442,5.099973
15392,7.6631722
19417,5.3167744
15779,7.4763746
23394,4.873292
18067,5.4497113
21941,5.346523
16039,7.498715
14991,7.7322865
22094,5.4046197
19961,5.3797803
21156,5.129631
20985,5.166748
21173,5.129631
21012,5.166748
25473,3.402941
15975,7.498715
19707,5.387109
15080,7.7473683
20330,5.3414383
19538,5.3126993
25610,3.381503
22457,5.4467425
22571,5.470581
21236,5.116408
19750,5.387109
24790,3.6789703
17679,5.48037
17036,7.820312
19349,5.27651
14850,7.6948876
15724,7.473229
19912,5.3797803
18527,5.3022165
17783,5.4496965
23521,4.2079897
18269,5.39424
17329,7.597395
19967,5.3797803
15021,7.7473683
20823,5.159815
18119,5.4004545
22098,5.4046197
18974,5.2494354
22142,5.4046197
16947,7.820312
21830,5.3375244
22033,5.412277
22269,5.362354
17039,7.820312
22251,5.362354
21838,5.3375244
23091,5.3181977
15967,7.498715
21177,5.129631
18305,5.3111773
24986,3.7227473
20617,5.1830425
20283,5.3414383
22369,5.3865213
23306,5.298672
21541,5.301594
21662,5.3195047
20558,5.1830425
22377,5.3865213
15944,7.4750004
19443,5.3167744
19519,5.3126993
23763,3.500646
17918,5.449829
17855,5.449829
23317,5.298672
22120,5.4046197
23033,5.321107
20978,5.166748
20407,5.2355356
20274,5.3414383
14760,7.697189
19550,5.3126993
16488,7.7659893
22800,5.368587
18087,5.4004545
20007,5.3797803
15052,7.7473683
16679,7.7781005
20075,5.3757
23186,5.3181977
21867,5.3375244
17163,7.843228
23009,5.321107
21351,5.100689
18997,5.2494354
23381,4.873292
14673,7.711739
18534,5.3022165
16569,7.7659893
21378,5.099973
17624,5.6006975
18703,5.3202977
20513,5.2147584
21367,5.099973
20545,5.1830425
15606,7.54886
23180,5.3181977
15778,7.4763746
20948,5.1508107
18750,5.3202977
17733,5.48037
18125,5.4004545
22555,5.470581
17068,7.843228
18176,5.39424
17662,5.48037
22831,5.3556156
21641,5.298525
19785,5.387109
21643,5.298525
16302,7.637444
19105,5.2753353
19635,5.3094697
19849,5.3903756
18003,5.4497113
17307,7.597395
18488,5.3022165
22001,5.412277
22147,5.4046197
20194,5.3773494
17594,5.6006975
14956,7.7322865
21323,5.100689
23387,4.873292
16325,7.637444
16387,7.7212443
17564,5.6006975
21680,5.3195047
22705,5.441694
21242,5.116408
18498,5.3022165
16518,7.7659893
20136,5.3710685
21250,5.116408
19294,5.27651
22004,5.412277
19527,5.3126993
22542,5.470581
18413,5.3191967
22016,5.412277
23391,4.873292
16024,7.498715
18391,5.3191967
22091,5.4046197
17814,5.4496965
22813,5.368587
19386,5.3167744
22215,5.3764744
23462,4.873292
22561,5.470581
21904,5.3375244
20284,5.3414383
16247,7.6281037
21711,5.3195047
22779,5.368587
15442,7.6631722
19005,5.2753353
22667,5.441694
22539,5.4467425
21229,5.116408
17597,5.6006975
21782,5.3489723
19182,5.2895203
22642,5.441694
20352,5.2355356
17998,5.4497113
23083,5.3181977
24723,3.6280742
18870,5.2690754
20773,5.159815
21960,5.346523
14651,7.711739
18882,5.2690754
19885,5.3903756
22078,5.412277
23849,3.500646
18811,5.3202977
20123,5.3710685
19423,5.3167744
15518,7.5664515
18306,5.3111773
16869,7.8318624
19757,5.387109
22832,5.3556156
19679,5.3285956
19618,5.3094697
23232,5.298672
18470,5.3022165
17655,5.6006975
14684,7.711739
17922,5.449829
22593,5.470581
23121,5.3181977
18992,5.2494354
23294,5.298672
22774,5.368587
22745,5.368587
18104,5.4004545
25351,3.402941
22713,5.441694
20804,5.159815
22210,5.3764744
18530,5.3022165
12784,12.189858
18824,5.2690754
18634,5.3167305
19705,5.387109
21077,5.1511784
19676,5.3285956
21943,5.346523
20944,5.1508107
21914,5.3375244
15789,7.4763746
19696,5.3285956
21209,5.129631
20302,5.3414383
22871,5.3556156
20947,5.1508107
21747,5.3489723
21963,5.346523
16651,7.7781005
22551,5.470581
19781,5.387109
19839,5.3903756
21159,5.129631
23516,4.2079897
24403,3.4305224
22140,5.4046197
20569,5.1830425
22064,5.412277
18551,5.3022165
22902,5.3556156
17821,5.4496965
21898,5.3375244
19449,5.3167744
23455,4.873292
19910,5.3797803
23165,5.3181977
24540,3.4318304
18310,5.3111773
18475,5.3022165
21576,5.298525
20192,5.3773494
20900,5.1508107
17684,5.48037
19276,5.2895203
16248,7.637444
21994,5.346523
18340,5.3111773
18072,5.4497113
21438,5.099973
23376,4.873292
18873,5.2690754
19143,5.2753353
18402,5.3191967
21037,5.166748
18183,5.39424
15703,7.473229
18741,5.3202977
18063,5.4497113
16333,7.637444
21148,5.129631
21214,5.129631
19863,5.3903756
16632,7.7781005
22605,5.470581
25149,3.3236341
22558,5.470581
22816,5.368587
18285,5.3111773
14786,7.697189
24644,3.4961417
19670,5.3285956
23016,5.321107
14639,7.711739
22576,5.470581
24964,3.7227473
14461,11.684989
22808,5.368587
18558,5.3022165
18775,5.3202977
18479,5.3022165
20213,5.3773494
22314,5.362354
21479,5.301594
25332,3.402941
23754,3.5183883
18904,5.2494354
23375,4.873292
19529,5.3126993
20754,5.159815
18044,5.4497113
21432,5.099973
18451,5.3022165
22197,5.3764744
21660,5.3195047
16992,7.820312
23218,5.298672
17606,5.6006975
18528,5.3022165
14774,7.697189
20996,5.166748
19403,5.3167744
23356,4.873292
21353,5.100689
18334,5.3111773
25128,3.3236341
17537,5.6006975
25041,3.5426216
21411,5.099973
18232,5.39424
21436,5.099973
21926,5.346523
20228,5.3773494
17777,5.4496965
18054,5.4497113
22265,5.362354
17401,7.597395
19277,5.2895203
22366,5.3865213
18009,5.4497113
17762,5.48037
19338,5.27651
23432,4.873292
19599,5.3094697
16132,7.6052265
20116,5.3710685
18280,5.3111773
24293,3.457699
18341,5.3111773
15287,7.687751
14934,7.7322865
23848,3.500646
19653,5.3285956
22901,5.3556156
23098,5.3181977
21061,5.1511784
21901,5.3375244
19526,5.3126993
20263,5.3773494
19801,5.3903756
16551,7.7659893
20053,5.3757
19812,5.3903756
19869,5.3903756
21704,5.3195047
19585,5.3094697
20705,5.1980004
24747,3.6280742
22866,5.3556156
18662,5.3167305
20547,5.1830425
19647,5.3094697
19494,5.3126993
21740,5.3489723
22234,5.3764744
20362,5.2355356
23899,3.4748392
20063,5.3757
20364,5.2355356
20414,5.2355356
23133,5.3181977
22278,5.362354
18320,5.3111773
19590,5.3094697
20363,5.2355356
22135,5.4046197
19076,5.2753353
22372,5.3865213
17550,5.6006975
23484,4.2079897
19210,5.2895203
18223,5.39424
20070,5.3757
19354,5.27651
21297,5.116408
17581,5.6006975
20919,5.1508107
23198,5.3181977
21003,5.166748
22104,5.4046197
16167,7.6281037
17555,5.6006975
21779,5.3489723
16642,7.7781005
20599,5.1830425
21676,5.3195047
19447,5.3167744
19534,5.3126993
21355,5.100689
17693,5.48037
21748,5.3489723
21773,5.3489723
19831,5.3903756
21161,5.129631
25152,3.3236341
19379,5.27651
14615,8.876176
20886,5.1508107
24921,3.7227473
21504,5.301594
19469,5.3126993
21284,5.116408
21934,5.346523
24240,3.4734712
23185,5.3181977
15237,7.687751
21222,5.116408
20959,5.1508107
23287,5.298672
24006,3.4748392
21101,5.1511784
21814,5.3489723
18697,5.3167305
15666,7.473229
21433,5.099973
18500,5.3022165
21965,5.346523
18116,5.4004545
17612,5.6006975
18644,5.3167305
21216,5.129631
22875,5.3556156
21744,5.3489723
17944,5.449829
19892,5.3903756
18336,5.3111773
18379,5.3191967
21989,5.346523
22452,5.3865213
19424,5.3167744
20486,5.2147584
20477,5.2147584
19937,5.3797803
20604,5.1830425
19553,5.3126993
24499,3.4305224
19154,5.2895203
21292,5.116408
20933,5.1508107
21875,5.3375244
17527,7.141298
17811,5.4496965
22784,5.368587
21326,5.100689
18953,5.2494354
20371,5.2355356
20382,5.2355356
18969,5.2494354
21954,5.346523
23468,4.873292
20386,5.2355356
22374,5.3865213
20949,5.1508107
18612,5.3167305
19608,5.3094697
23530,4.2079897
20937,5.1508107
20483,5.2147584
22623,5.470581
23305,5.298672
20755,5.159815
20468,5.2147584
19137,5.2753353
20161,5.3710685
23737,3.5183883
22482,5.4467425
22194,5.3764744
23588,4.2079897
19671,5.3285956
25073,3.5426216
18523,5.3022165
19834,5.3903756
18883,5.2690754
19902,5.3903756
24081,3.4494455
17665,5.48037
23422,4.873292
20034,5.3757
20487,5.2147584
20239,5.3773494
20067,5.3757
20589,5.1830425
22165,5.4046197
17614,5.6006975
18295,5.3111773
17975,5.4497113
21275,5.116408
23426,4.873292
20554,5.1830425
21461,5.301594
20473,5.2147584
20591,5.1830425
21567,5.301594
21133,5.1511784
20311,5.3414383
20294,5.3414383
21668,5.3195047
20027,5.3757
22696,5.441694
20548,5.1830425
21653,5.3195047
20378,5.2355356
18727,5.3202977
21819,5.3375244
17847,5.449829
23243,5.298672
21637,5.298525
21163,5.129631
22095,5.4046197
17608,5.6006975
22863,5.3556156
18468,5.3022165
20252,5.3773494
21076,5.1511784
15978,7.498715
20851,5.159815
23476,4.873292
20134,5.3710685
18348,5.3111773
18998,5.2494354
22712,5.441694
16722,7.783133
19332,5.27651
22857,5.3556156
20911,5.1508107
20291,5.3414383
21684,5.3195047
18839,5.2690754
17525,7.141298
19545,5.3126993
17933,5.449829
22495,5.4467425
24050,3.4816678
23063,5.321107
21827,5.3375244
24290,3.457699
21454,5.301594
20870,5.159815
19040,5.2753353
20403,5.2355356
17620,5.6006975
17585,5.6006975
17666,5.48037
22699,5.441694
21808,5.3489723
18075,5.4497113
17873,5.449829
21862,5.3375244
20712,5.1980004
15691,7.473229
21130,5.1511784
19336,5.27651
18272,5.3111773
18385,5.3191967
19364,5.27651
23469,4.873292
18968,5.2494354
20249,5.3773494
20495,5.2147584
18943,5.2494354
19837,5.3903756
21490,5.301594
19068,5.2753353
22500,5.4467425
18786,5.3202977
24872,3.6789703
21921,5.346523
25586,3.381503
22670,5.441694
19357,5.27651
21188,5.129631
21091,5.1511784
17828,5.4496965
17870,5.449829
17766,5.4496965
23424,4.873292
21851,5.3375244
21419,5.099973
21665,5.3195047
24778,3.6789703
20187,5.3773494
20255,5.3773494
20401,5.2355356
23470,4.873292
23828,3.500646
23314,5.298672
18629,5.3167305
23876,3.4748392
20546,5.1830425
23473,4.873292
19674,5.3285956
19084,5.2753353
22969,5.321107
19069,5.2753353
25481,3.402941
19093,5.2753353
24892,3.6789703
23871,3.500646
18236,5.39424
24970,3.7227473
21150,5.129631
24310,3.457699
24937,3.7227473
18561,5.3167305
19317,5.27651
19429,5.3167744
24046,3.4816678
18744,5.3202977
19329,5.27651
21290,5.116408
19470,5.3126993
22991,5.321107
19725,5.387109
23006,5.321107
19551,5.3126993
19517,5.3126993
23382,4.873292
21604,5.298525
22049,5.412277
19451,5.3126993
17578,5.6006975
22439,5.3865213
23914,3.4748392
15677,7.473229
24712,3.6280742
21666,5.3195047
17878,5.449829
21813,5.3489723
22821,5.368587
20320,5.3414383
22329,5.362354
17969,5.4497113
23373,4.873292
19245,5.2895203
20374,5.2355356
22006,5.412277
24195,3.4734712
20372,5.2355356
23454,4.873292
21078,5.1511784
21105,5.1511784
23846,3.500646
18447,5.3191967
18807,5.3202977
19662,5.3285956
19646,5.3094697
17534,7.141298
19031,5.2753353
21929,5.346523
21356,5.100689
17957,5.4497113
22972,5.321107
22339,5.362354
20016,5.3757
15595,7.54886
22719,5.368587
21718,5.3195047
16773,7.783133
17673,5.48037
25620,3.381503
19680,5.3285956
23111,5.3181977
18891,5.2690754
25070,3.5426216
20704,5.1980004
24124,3.4494455
21349,5.100689
20668,5.1980004
25764,3.3375719
18960,5.2494354
23950,3.4748392
24018,3.4816678
18459,5.3022165
23795,3.500646
18107,5.4004545
20048,5.3757
18868,5.2690754
18144,5.4004545
21446,5.099973
18078,5.4004545
24362,3.457699
18946,5.2494354
22750,5.368587
22061,5.412277
23291,5.298672
23475,4.873292
18826,5.2690754
19990,5.3797803
20735,5.1980004
21791,5.3489723
19243,5.2895203
25329,3.402941
22903,5.3556156
25694,3.3375719
22229,5.3764744
24861,3.6789703
21196,5.129631
25539,3.3866472
16581,7.7659893
19668,5.3285956
23744,3.5183883
21024,5.166748
21335,5.100689
18829,5.2690754
23300,5.298672
20270,5.3773494
18893,5.2690754
19733,5.387109
22450,5.3865213
20524,5.1830425
18254,5.39424
23716,3.5183883
20879,5.1508107
24238,3.4734712
22582,5.470581
24349,3.457699
21365,5.100689
22414,5.3865213
21957,5.346523
20619,5.1830425
17804,5.4496965
19427,5.3167744
24758,3.6280742
25338,3.402941
23014,5.321107
17754,5.48037
20350,5.2355356
19748,5.387109
19213,5.2895203
21256,5.116408
21178,5.129631
20793,5.159815
23234,5.298672
20336,5.2355356
25569,3.381503
18162,5.39424
22146,5.4046197
18085,5.4004545
25524,3.3866472
21380,5.099973
17738,5.48037
22244,5.3764744
21595,5.298525
25738,3.3375719
19628,5.3094697
21530,5.301594
25670,3.3375719
22315,5.362354
20776,5.159815
24666,3.4961417
21270,5.116408
18374,5.3191967
19002,5.2494354
20557,5.1830425
21928,5.346523
23507,4.2079897
25381,3.402941
21065,5.1511784
22970,5.321107
21734,5.3195047
18492,5.3022165
18448,5.3022165
23586,4.2079897
21692,5.3195047
24049,3.4816678
18469,5.3022165
19163,5.2895203
17956,5.4497113
20898,5.1508107
25548,3.3866472
24199,3.4734712
22322,5.362354
19236,5.2895203
25563,3.3866472
24635,3.4961417
19016,5.2753353
24982,3.7227473
18576,5.3167305
24315,3.457699
24099,3.4494455
23041,5.321107
19916,5.3797803
22898,5.3556156
21387,5.099973
22484,5.4467425
22652,5.441694
21212,5.129631
21100,5.1511784
19648,5.3285956
20108,5.3710685
21922,5.346523
18582,5.3167305
24292,3.457699
24034,3.4816678
22864,5.3556156
23888,3.4748392
24036,3.4816678
23601,4.2079897
21193,5.129631
23675,3.5183883
23807,3.500646
25366,3.402941
18219,5.39424
23539,4.2079897
19416,5.3167744
20298,5.3414383
22695,5.441694
23609,3.5183883
21858,5.3375244
24533,3.4318304
24616,3.4318304
24939,3.7227473
18282,5.3111773
20572,5.1830425
23102,5.3181977
24086,3.4494455
24193,3.4734712
20726,5.1980004
20509,5.2147584
22856,5.3556156
25683,3.3375719
20151,5.3710685
19060,5.2753353
25121,3.5426216
25598,3.381503
21557,5.301594
24934,3.7227473
23637,3.5183883
22907,5.3556156
20415,5.2147584
21511,5.301594
19099,5.2753353
22794,5.368587
25033,3.5426216
25659,3.381503
20529,5.1830425
19026,5.2753353
23889,3.4748392
23128,5.3181977
20140,5.3710685
24612,3.4318304
22093,5.4046197
24008,3.4748392
18409,5.3191967
20571,5.1830425
19959,5.3797803
19977,5.3797803
25270,3.2565913
21140,5.1511784
23966,3.4748392
21021,5.166748
24639,3.4961417
25123,3.5426216
23409,4.873292
17729,5.48037
24707,3.4961417
20977,5.1508107
20061,5.3757
19388,5.3167744
24583,3.4318304
22959,5.321107
24405,3.4305224
20026,5.3757
20672,5.1980004
22454,5.4467425
22336,5.362354
24605,3.4318304
19766,5.387109
24471,3.4305224
25021,3.5426216
24768,3.6280742
19185,5.2895203
18002,5.4497113
24361,3.457699
24021,3.4816678
24383,3.4305224
21444,5.099973
20779,5.159815
23555,4.2079897
25134,3.3236341
25002,3.5426216
24647,3.4961417
18794,5.3202977
20514,5.1830425
21382,5.099973
24930,3.7227473
19514,5.3126993
21577,5.298525
25617,3.381503
23618,3.5183883
19620,5.3094697
25238,3.2565913
24816,3.6789703
23480,4.873292
20327,5.3414383
19385,5.27651
24313,3.457699
19685,5.3285956
24621,3.4318304
24351,3.457699
21366,5.100689
19376,5.27651
21211,5.129631
22249,5.362354
22028,5.412277
21801,5.3489723
25234,3.3236341
23994,3.4748392
21414,5.099973
25298,3.2565913
24807,3.6789703
24280,3.457699
21437,5.099973
24356,3.457699
25565,3.3866472
21646,5.298525
25611,3.381503
24713,3.6280742
24038,3.4816678
24054,3.4816678
23492,4.2079897
25400,3.402941
23403,4.873292
23428,4.873292
25780,3.3375719
17795,5.4496965
19549,5.3126993
25277,3.2565913
25294,3.2565913
23565,4.2079897
22406,5.3865213
23544,4.2079897
22854,5.3556156
25584,3.381503
19498,5.3126993
24117,3.4494455
21129,5.1511784
20576,5.1830425
23837,3.500646
19907,5.3797803
21220,5.129631
21786,5.3489723
20165,5.3710685
23635,3.5183883
17775,5.4496965
21837,5.3375244
24512,3.4318304
25111,3.5426216
17893,5.449829
21320,5.100689
24415,3.4305224
24439,3.4305224
23549,4.2079897
24151,3.4494455
23117,5.3181977
23022,5.321107
24638,3.4961417
19507,5.3126993
17730,5.48037
23584,4.2079897
25084,3.5426216
21051,5.166748
24532,3.4318304
22632,5.441694
25666,3.381503
21910,5.3375244
18572,5.3167305
24884,3.6789703
23254,5.298672
22397,5.3865213
21596,5.298525
23721,3.5183883
24640,3.4961417
18849,5.2690754
25074,3.5426216
24988,3.7227473
20757,5.159815
22522,5.4467425
24080,3.4494455
22514,5.4467425
20395,5.2355356
24755,3.6280742
24634,3.4961417
17801,5.4496965
18898,5.2690754
21189,5.129631
25556,3.3866472
20807,5.159815
17797,5.4496965
18137,5.4004545
24198,3.4734712
25528,3.3866472
25739,3.3375719
25589,3.381503
25344,3.402941
21640,5.298525
18423,5.3191967
20904,5.1508107
20146,5.3710685
19573,5.3094697
20915,5.1508107
21359,5.100689
18887,5.2690754
24204,3.4734712
25197,3.3236341
24587,3.4318304
24794,3.6789703
21166,5.129631
23908,3.4748392
24505,3.4305224
24155,3.4494455
24752,3.6280742
24308,3.457699
24658,3.4961417
24503,3.4305224
24905,3.7227473
23864,3.500646
22227,5.3764744
21319,5.100689
25494,3.3866472
23823,3.500646
24007,3.4748392
24263,3.4734712
24598,3.4318304
22438,5.3865213
20526,5.1830425
19731,5.387109
18371,5.3191967
25126,3.3236341
18983,5.2494354
25267,3.2565913
24686,3.4961417
24874,3.6789703
23997,3.4748392
24665,3.4961417
24301,3.457699
24882,3.6789703
24741,3.6280742
21230,5.116408
24820,3.6789703
23838,3.500646
24662,3.4961417
24775,3.6280742
24822,3.6789703
23854,3.500646
20800,5.159815
25490,3.3866472
23656,3.5183883
24009,3.4816678
24426,3.4305224
24695,3.4961417
24322,3.457699
24896,3.6789703
25500,3.3866472
22448,5.3865213
23896,3.4748392
19639,5.3094697
18886,5.2690754
25709,3.3375719
24727,3.6280742
24180,3.4734712
25242,3.2565913
18874,5.2690754
25165,3.3236341
24569,3.4318304
25721,3.3375719
24146,3.4494455
25237,3.2565913
22287,5.362354
21354,5.100689
25337,3.402941
21033,5.166748
22579,5.470581
24601,3.4318304
25441,3.402941
24047,3.4816678
24523,3.4318304
25371,3.402941
25454,3.402941
24948,3.7227473
18433,5.3191967
23747,3.5183883
24130,3.4494455
18566,5.3167305
23703,3.5183883
20397,5.2355356
25032,3.5426216
25459,3.402941
25726,3.3375719
23651,3.5183883
23967,3.4748392
24016,3.4816678
21262,5.116408
22716,5.368587
25212,3.3236341
24497,3.4305224
20502,5.2147584
18123,5.4004545
25323,3.2565913
24511,3.4305224
25675,3.3375719
25404,3.402941
18397,5.3191967
25286,3.2565913
25545,3.3866472
25176,3.3236341
23865,3.500646
22169,5.3764744
23917,3.4748392
25749,3.3375719
18661,5.3167305
24209,3.4734712
25645,3.381503
23718,3.5183883
24309,3.457699
23981,3.4748392
25275,3.2565913
24673,3.4961417
24149,3.4494455
23706,3.5183883
24972,3.7227473
25655,3.381503
24278,3.457699
25766,3.3375719
23684,3.5183883
21383,5.099973
19926,5.3797803
24135,3.4494455
23571,4.2079897
22778,5.368587
25324,3.2565913
24757,3.6280742
25231,3.3236341
25566,3.381503
25317,3.2565913
24134,3.4494455
24960,3.7227473
24273,3.457699
25667,3.3375719
24642,3.4961417
24534,3.4318304
24550,3.4318304
24037,3.4816678
23822,3.500646
24254,3.4734712
25625,3.381503
25340,3.402941
18906,5.2494354
23607,4.2079897
23882,3.4748392
24433,3.4305224
23983,3.4748392
25161,3.3236341
23790,3.500646
25119,3.5426216
24388,3.4305224
24969,3.7227473
25465,3.402941
24435,3.4305224
24999,3.7227473
24745,3.6280742
23813,3.500646
25083,3.5426216
24683,3.4961417
24412,3.4305224
25478,3.402941
24679,3.4961417
24392,3.4305224
24128,3.4494455
25568,3.381503
25241,3.2565913
25210,3.3236341
25348,3.402941
24558,3.4318304
21554,5.301594
25382,3.402941
25765,3.3375719
24566,3.4318304
25696,3.3375719
24082,3.4494455
25106,3.5426216
24056,3.4816678
23901,3.4748392
25776,3.3375719
25555,3.3866472
23992,3.4748392
24030,3.4816678
25399,3.402941
24142,3.4494455
19339,5.27651
24281,3.457699
23924,3.4748392
23858,3.500646
25641,3.381503
24819,3.6789703
25484,3.3866472
25522,3.3866472
24976,3.7227473
25249,3.2565913
24980,3.7227473
24055,3.4816678
25025,3.5426216
25055,3.5426216
25297,3.2565913
25235,3.3236341
17838,5.4496965
24994,3.7227473
25546,3.3866472
24298,3.457699
24164,3.4494455
23923,3.4748392
24297,3.457699
23685,3.5183883
18515,5.3022165
25680,3.3375719
24575,3.4318304
23820,3.500646
25195,3.3236341
25679,3.3375719
24366,3.457699
23720,3.5183883
23834,3.500646
24486,3.4305224
23702,3.5183883
25293,3.2565913
24771,3.6280742
25251,3.2565913
24178,3.4734712
23745,3.5183883
24804,3.6789703
24156,3.4494455
25000,3.5426216
24326,3.457699
24173,3.4734712
24776,3.6280742
25102,3.5426216
24792,3.6789703
25186,3.3236341
24742,3.6280742
23750,3.5183883
25167,3.3236341
25668,3.3375719
24183,3.4734712
24219,3.4734712
25630,3.381503
23759,3.500646
24422,3.4305224
25570,3.381503
25181,3.3236341
25398,3.402941
23934,3.4748392
24131,3.4494455
24685,3.4961417
24393,3.4305224
25540,3.3866472
25257,3.2565913
25741,3.3375719
23672,3.5183883
25503,3.3866472
25204,3.3236341
25178,3.3236341
25209,3.3236341
24865,3.6789703
24631,3.4318304
25232,3.3236341
25605,3.381503
23825,3.500646
24166,3.4494455
24864,3.6789703
23772,3.500646
25301,3.2565913
23937,3.4748392
24289,3.457699
24554,3.4318304
24374,3.457699
24932,3.7227473
25309,3.2565913
24844,3.6789703
24223,3.4734712
24039,3.4816678
25150,3.3236341
23925,3.4748392
25549,3.3866472
23535,4.2079897
23741,3.5183883
25227,3.3236341
25742,3.3375719
